longitude,latitude,name,category
4.8544188,45.7468695003799,Crèche Blandan,kindergarten
4.8692917,45.7577470003784,L'Arc en ciel,kindergarten
4.8756458,45.7331359003818,Crèche André Roux,kindergarten
4.8776588,45.7359741003815,La Fourmi,school
4.8657296,45.7564448003786,CREAD École d'Architecture Intérieure,college
4.8539854,45.7333968003818,Crèche les copains d'abord,kindergarten
4.8712035,45.7399135003809,centre de formation,school
4.8509323,45.7579329003784,Crèche Boileau,kindergarten
4.8217642,45.7524104003792,Les P'Tits Malins,kindergarten
4.8678952,45.7476542003798,Groupe ACPPA - Les cristallines,kindergarten
4.8687482,45.7505852003794,Crèche Collective Montbrillant,kindergarten
4.8714225,45.7542783003789,Crèche Pain d'Épices,kindergarten
4.8507446,45.7575365003784,École maternelle Étienne Dolet,school
4.8262171,45.760772500378,Collège privé Aux Lazaristes,school
4.8296495,45.7781768003755,Halte Garderie des Canuts,kindergarten
4.8813207,45.7514807003793,Les Montchatons Acacias,kindergarten
4.8866952,45.7349297003816,École maternelle Jean Mermoz A,school
4.8862875,45.7349409003816,Crèche municipale Ranvier,kindergarten
4.8622826,45.7474229003798,Les studios Lumières,university
4.8233863,45.7781126003755,Crèche Popy,kindergarten
4.8358256,45.7302579003823,École de reconversion professionnelle Georges Guynemer,college
4.8369052,45.7363670003814,École professionnelle privée Ifosupd,school
4.8275489,45.732377000382,École maternelle,school
4.8325029,45.7645721003774,École privée mixte Saint-Nizier-Tour-Pitrat,school
4.8552157,45.7645912003774,Crêche Masséna,kindergarten
4.8250231,45.7354687003815,École maternelle Marcel Pagnol,school
4.8547305,45.7347397003816,École maternelle Philibert Delorme,school
4.8537957,45.7346644003816,École élémentaire Philibert Delorme,school
4.8692948,45.7416161003807,École primaire publique Simone Signoret,school
4.8705227,45.7447199003802,École maternelle Lumière,school
4.8737468,45.739170400381,École maternelle Maryse Bastié,school
4.8698826,45.7448485003802,École primaire Lumière,school
4.8769782,45.7343613003817,École primaire privée Junior School International,school
4.832794,45.7374966003812,École privée Notre-Dame des Anges,school
4.8250951,45.7355673003815,École élémentaire Marcel Pagnol,school
4.8576783,45.74606450038,Section d'enseignement professionnel du Lycée polyvalent Hector Guimard,school
4.8448961,45.7573794003784,École élémentaire Paul Painlevé,school
4.8324795,45.760234800378,Groupe scolaire Lamartine,school
4.8635975,45.7664605003772,École maternelle Antoine Remond,school
4.8647657,45.7585177003783,École maternelle Antoine Charial,school
4.8650692,45.7584968003783,École élémentaire Antoine Charial,school
4.865635,45.7660292003772,École primaire privée Notre-Dame de Bellecombe,school
4.8656296,45.7579037003784,École Nouvelle de La Rize,school
4.8531562,45.7661863003772,École primaire privée Saint-Nom de Jésus,school
4.7840938,45.7567064003785,École de cirque de Lyon,school
4.8230425,45.7438050003804,École élémentaire Alix,school
4.8281389,45.7687043003768,École primaire Robert Doisneau,school
4.8362621,45.7280057003826,Institut supérieur d'agriculture et d'agroalimentaire Rhône-Alpes,university
4.8059515,45.7667888003771,Relais d'assitantes maternelles Baby-Loup,kindergarten
4.8284172,45.7649286003774,École maternelle Jean Gerson,school
4.8281098,45.7651360003773,École primaire Jean Gerson,school
4.8500823,45.7611641003779,École maternelle André Philip,school
4.8502434,45.7611758003779,École élémentaire publique André Philip,school
4.828733,45.7687015003768,École maternelle Robert Doisneau,school
4.8205882,45.7615841003779,Séminaire interdiocésain Saint-Irénée,school
4.8474382,45.7453277003802,École de Condé,college
4.8837744,45.7278137003826,École maternelle Olympe de Gouges,school
4.8246025,45.7519424003792,École de Condé,college
4.8284174,45.7550640003788,Lycée professionnel privé Saint-Marc,school
4.8305174,45.7511825003793,École primaire privée Chevreul Sainte-Croix,school
4.8244065,45.7518498003792,École technologique privée de Condé,school
4.8314459,45.7587948003782,Arts appliqués Bellecour,college
4.8313597,45.7588111003782,ESIA 3D Bellecour,college
4.8312753,45.7588385003782,École technologique privée Arts Appliqués Bellecour,school
4.8288314,45.7541027003789,École primaire publique Lucie Aubrac,school
4.8345027,45.7567478003785,École technologique privée Supdemod,school
4.8542693,45.7653549003773,École privée Silvya Terrade - International Silvya Terrade,school
4.8375461,45.768002900377,Lycée professionnel privé Japy,school
4.8366397,45.7720076003764,École maternelle Michel Servet,school
4.8231477,45.7725761003763,Lycée professionnel privé Jamet Buffereau,school
4.8234743,45.7723070003763,École primaire Saint-Louis - Saint-Bruno,school
4.822789,45.7714107003765,Lycée général et technologique privé Institution des Chartreux,school
4.8227152,45.7705084003766,École primaire privée Institution des Chartreux,school
4.8670693,45.7259978003829,Crèche Viviani,kindergarten
4.8518692,45.7839630003747,Crèche de la cité,kindergarten
4.8441598,45.7259960003828,ARIES École supérieure d'infographie,college
4.7906978,45.7505996003794,École maternelle Les Gémeaux,school
4.7901023,45.7509215003794,École élémentaire Les Gémeaux,school
4.8498508,45.7661251003772,Carrel école de travail social,college
4.855402,45.7665989003771,Collège privé Deborde,school
4.823222,45.7323606003819,ESSCA - École Supérieure des Sciences Commerciales d'Angers,college
4.8522825,45.7688036003768,Esmod International,college
4.8554359,45.7666483003771,Lycée général privé Deborde,school
4.851326,45.7687175003768,Maestris,college
4.8531383,45.767737600377,École maternelle J. Couty,school
4.8516064,45.7668947003771,École primaire privée Montessori de Lyon,school
4.8040105,45.7701063003766,École Presqu'île,college
4.803721,45.7700667003767,Institut de formation de la profession de l'assurance - CNAM,college
4.8038616,45.7700899003766,Institut supérieur commercial d'assurances,college
4.8272717,45.7764395003758,Lycée professionnel privé de Coiffure de Lyon,school
4.8033918,45.7692448003768,Section d'enseignement professionnel du Lycée polyvalent privé Jehanne de France,school
4.8393746,45.7806866003751,École maternelle Georges Lapierre,school
4.8031091,45.7672461003771,École maternelle Jean Zay,school
4.7948048,45.7724061003763,École maternelle Maurice Carême,school
4.8348844,45.7792754003754,École maternelle Commandant Arnaud,school
4.8395933,45.7798861003753,École élémentaire Georges Lapierre,school
4.8012472,45.7671511003771,École élémentaire Jean Zay,school
4.8352638,45.7793004003753,École élémentaire Commandant Arnaud,school
4.797971,45.7670826003771,École professionnelle privée Atelier d'Apprentissage de Gorge de Loup,school
4.7974231,45.7690903003768,École secondaire privée Bienheureux François de Fatima,school
4.7895956,45.7592440003782,Collège privé Notre-Dame des Minimes,school
4.7891703,45.7589268003782,Lycée général et technologique privé Notre-Dame des Minimes,school
4.7930963,45.7647890003774,École maternelle Hector Berlioz,school
4.7931252,45.7642692003775,École élémentaire Hector Berlioz,school
4.7900215,45.7577400003784,École primaire privée Notre-Dame des Minimes,school
4.7810866,45.7524611003791,École maternelle Les Battières,school
4.7854431,45.7564910003786,École élémentaire Diderot,school
4.8037168,45.7785592003754,École primaire privée Saint-Charles de Serin,school
4.863578,45.7665795003771,École primaire Antoine Remond,school
4.8763611,45.7328677003819,CFAI de l'AFPM,college
4.8778038,45.7333306003818,Institut des techniques d'ingénieur de l'industrie de Lyon,college
4.8769643,45.7345464003817,École maternelle privée bilingue Junior School,school
4.8523291,45.7544215003789,École primaire privée Arménienne Markarian Papazian,school
4.8467101,45.760877400378,École primaire privée Immaculée-Conception,school
4.8519697,45.7580064003784,École primaire privée Saint-Sacrement,school
4.8821305,45.7360878003814,École primaire spéciale Édouard Herriot,school
4.8883687,45.7527898003791,École maternelle Anatole France,school
4.8883894,45.753214500379,École primaire Anatole France,school
4.8834077,45.7309348003822,École élémentaire publique Louis Pasteur,school
4.8838554,45.7307205003822,École maternelle Louis Pasteur,school
4.7856092,45.7566190003785,École maternelle Diderot,school
4.833114,45.74634040038,Institut Supérieur d'Optique,college
4.8274861,45.7236410003832,Groupe IGS,college
4.844753,45.7577725003784,École maternelle Paul Painlevé,school
4.883955,45.7283704003825,ébulliScience,school
4.8043258,45.7524686003791,École maternelle Jean Charcot,school
4.8357776,45.7314445003821,Les Bébés Bilingues,kindergarten
4.8058954,45.7683251003769,Université Professionnelle Internationale de Lyon,university
4.8059142,45.7683831003769,IDRAC - École de Commerce et de Management,university
4.8059142,45.7684598003769,CEFAM,university
4.8422297,45.7468755003799,Cours Diderot Lyon,college
4.8366513,45.7487404003797,IUT Jean Moulin Lyon 3,university
4.8497483,45.7661945003772,Lycée professionnel privé Carrel,school
4.8497378,45.7662619003772,Lycée Technologique privé Carrel,school
4.8190037,45.7519102003792,Lycée technologique privé Don Bosco,school
4.8135459,45.7497734003795,Lycée technologique privé ICOF,school
4.8246922,45.7521190003792,École 2d Degré Professionnelle Privée Elea Presqu'Île,school
4.8189786,45.7736417003761,École primaire privée Providence des Trinitaires,school
4.8378751,45.7458510003801,École des Enfants Intellectuels Précoces de Lyon,school
4.7940383,45.7560656003786,École maternelle Irène Joliot-Curie,school
4.8251616,45.7571958003785,École maternelle Fulchiron,school
4.7969729,45.7555884003787,École primaire privée Notre-Dame du Point du Jour,school
4.826085,45.760801500378,École primaire privée Saint-Jean,school
4.8124408,45.7526045003791,École primaire privée Sainte-Ursule,school
4.8273463,45.7783791003755,École primaire privée,school
4.7942072,45.7558278003787,École élémentaire Joliot Curie,school
4.8252798,45.7573412003784,École élémentaire Fulchiron,school
4.8126354,45.767875400377,École Chevalier Bayard,school
4.8297343,45.731878200382,Institut de gestion comptable et informatique du transport,college
4.8211312,45.7662357003772,Institut Marc Perrot,college
4.8417762,45.7522682003792,La Maison des Tout-Petits,kindergarten
4.8358399,45.7327827003819,Micro-crèche Les Petits Top,kindergarten
4.8060006,45.7684241003769,ISCPA Lyon - Institut Supérieur des Médias,school
4.8718428,45.7545655003788,Micro-Crèche Les Cailloux,kindergarten
4.8580925,45.7685827003769,SHG Lyon,college
4.8271142,45.74628850038,Wild Code School,college
4.8224,45.7696738003767,Lycée professionnel Diderot,school
4.8220703,45.7802276003752,Collège Antoine de Saint-Exupéry,school
4.8074052,45.7707441003766,École de la Deuxième Chance Rhône Lyon Métropole - Lyon,college
4.8361052,45.74664800038,Institut d'Urbanisme de Lyon,university
4.7942743,45.7873937003742,CIO - Lyon Ouest,school
4.8278497,45.7546888003788,Collège Jean Monnet - Annexe,school
4.8389281,45.7540340003789,Centre Laennec,college
4.8507589,45.7500541003795,Crèche Grain d’Orge,kindergarten
4.8495432,45.7504345003794,Liveli crèches Lyon Guillotière,kindergarten
4.8400156,45.7507049003794,INSEEC,college
4.8758008,45.7443529003803,Crèche Inter-entreprises Les Lumignons,kindergarten
4.8052807,45.7718201003764,Babilou,kindergarten
4.8180403,45.7430610003805,"Institut des sciences sociales, économiques et politiques",university
4.8091156,45.7832870003748,Les Petits Chaperons rouges Lyon Vaise,kindergarten
4.8360219,45.8037531003718,École maternelle Alphonse Daudet,school
4.8507257,45.7487894003797,Mini’Moov,kindergarten
4.8153606,45.7702030003766,École nationale des Finances Publiques,college
4.8764288,45.7521976003792,École Charles de Foucauld,school
4.8240285,45.795606700373,École primaire La Sauvagère,school
4.8224291,45.7945680003732,multi-accueil la Sauvagère,kindergarten
4.8165943,45.781435200375,Le Jardin des Gônes,kindergarten
4.8373501,45.7711687003765,École Lyonnaise des Plantes Médicinales,school
4.8703952,45.7579030003784,Collège Lacassagne,school
4.8704728,45.7581336003784,Lycée général et technologique Lacassagne,school
4.8545758,45.753383200379,Froggy Art,school
4.8425711,45.7652016003773,Euridis Business School Lyon,college
4.8706242,45.7496240003795,ipso Campus,college
4.8477429,45.7659383003772,EFAP Lyon,college
4.806452,45.7701657003766,IPI Lyon,college
4.8728914,45.7451758003802,Césame,college
4.8741051,45.7437651003804,Multi-accueil Crèche Les Coccinelles,kindergarten
4.8769893,45.7457404003801,Institut privé des métiers - SEPR,college
4.8465428,45.7570100003785,Halppy Kids,kindergarten
4.8370065,45.7365713003814,ESTIAM,college
4.8380991,45.7281216003826,BRASSART Lyon,college
4.8265532,45.7278944003826,Babilou Vercors - Crèche Les Gones de Gerland,kindergarten
4.8894387,45.7397244003809,Babycina,kindergarten
4.8395798,45.7513044003793,Gaming Campus,college
4.8301239,45.7510782003793,Éveil mâtins,kindergarten
4.8276964,45.7524524003792,École primaire privée La Chrysalide,school
4.8248459,45.7518678003792,Petit Couffin,kindergarten
4.8648157,45.7545515003788,Une Souris Verte,kindergarten
4.8258525,45.7523814003791,People & Baby,kindergarten
4.8260412,45.7517892003792,Bulle d'Éveil,kindergarten
4.8374795,45.7493752003796,Institut international pour la Francophonie,university
4.8270381,45.7559087003786,Les Écoles Peyrefitte,college
4.8378091,45.7492687003796,"École notariale, UMR 5600",university
4.8322696,45.7553422003787,Bellecour École,college
4.8152486,45.7403105003809,Supdemod,college
4.833203,45.7654013003773,École maternelle Claude Levi-Strauss,school
4.8375408,45.760489200378,Crèche Collective Municipale Grolée,kindergarten
4.8350064,45.7642177003775,Babilou L'Envol,kindergarten
4.8419892,45.7583846003783,Crèche people & Baby,kindergarten
4.7972918,45.7848086003745,,school
4.8432268,45.7631192003777,École de Psychologues praticiens,university
4.8227513,45.74610580038,Crèche Mes Anges,kindergarten
4.8405061,45.7552890003787,Les Crèches de Margot,kindergarten
4.8674493,45.7569169003785,La Crèche Enchantée,kindergarten
4.8216774,45.7806136003751,Cité scolaire Antoine de Saint-Exupéry,school
4.861347,45.753185100379,Crêche de Lyon Sky 56,kindergarten
4.846093,45.74604070038,Crèche Collective Municipale Chevreul,kindergarten
4.8471877,45.7579777003784,La Maison des Petits Loups,kindergarten
4.8605689,45.7486905003797,iaelyon School of Management,university
4.8174154,45.7452502003802,École supérieure des métiers artisitiques,college
4.817249,45.7453181003801,"CinéCréatis, École de Cinéma de Lyon",college
4.8205603,45.7449527003802,École Montessori de Lyon Confluence,school
4.823442,45.7703379003766,Collège privé Institution des Chartreux,school
4.8495543,45.7648673003774,Microbulle,kindergarten
4.8298246,45.7778842003756,École Atys,school
4.8467763,45.760429000378,EDARA - Ecole des Avocats,college
4.8112183,45.7863554003743,La maison bleue,kindergarten
4.877535,45.7548724003788,Grandir et Rire,school
4.873008,45.7554205003787,Les Clochettes d'Espérance,school
4.8657819,45.7545877003788,Les Marsupiaux,kindergarten
4.8369271,45.7364322003814,Digital College Lyon,college
4.8368196,45.7362410003814,ECEMA Lyon,college
4.8387992,45.7376021003812,Crèche Gribouille,kindergarten
4.8374861,45.7384558003811,Assomption Bellevue - Pôle Enseignement Supérieur,college
4.8231537,45.7281147003826,Isitech,college
4.8375034,45.7658474003772,Lycée Ampère-Bourse,school
4.8369429,45.7364407003814,,college
4.8368678,45.7362932003814,La Tannerie,college
4.8583876,45.7508490003794,Monchat Bada,kindergarten
4.8588481,45.7526164003791,Babilou Lyon Magnin,kindergarten
4.8599765,45.7518524003792,Les Jeunes Pousses,kindergarten
4.8327181,45.7645793003774,Epitech Digital,college
4.8767914,45.7520429003792,École Charles de Foucauld,school
4.8779588,45.7522416003792,Collège Charles de Foucauld,school
4.8315396,45.7287526003824,Ecole Nazareth,school
4.8462095,45.767533300377,Keyce Santé Lyon,college
4.836787,45.7363430003814,Open IT Lyon,college
4.80195931680778,45.77282571581,École primaire provisoire Joannès Masset,school
4.86745588896569,45.7506839500737,Groupe Scolaire Gabriel Nové-Josserand,school
4.83644685592725,45.767023968382,École professionnelle privée Athéna,school
4.83389259243907,45.7658354342305,École élémentaire Meissonier,school
4.88127290991221,45.7413512743378,Faculté de Médecine Lyon Est - Domaine Rockefeller,university
4.87459861266352,45.7273896570028,École maternelle Jean Giono,school
4.8370290185288,45.750208530068,Université Lumière - Lyon 2 - Campus Berges du Rhône,university
4.88115911834747,45.7413592614348,Faculté de médecine Rockefeller,university
4.87866565430617,45.7422551432194,École Rockefeller,college
4.83525728546257,45.7464675104079,Institut d'Études Politiques de Lyon,university
4.86570325941188,45.7306682762898,Crèche Graines de Malice,kindergarten
4.79702143372177,45.7600208386685,Crèche Babilou,kindergarten
4.82474263694184,45.7732453302407,Collège La Tourette,school
4.8059480655406,45.7531387577179,Collège Jean Charcot,school
4.88368658198075,45.7259089148829,Collège Victor Grignard,school
4.88361906925628,45.7307543729609,,school
4.87375913746266,45.727118377891,Collège Henri Longchambon,school
4.81905006382217,45.7520984798306,Lycée professionnel privé Don Bosco,school
4.81132405086205,45.7533024919202,École nationale supérieure des arts et techniques du théâtre,college
4.79581860902239,45.764484844894,Crèche Champvert,kindergarten
4.80508563025465,45.7704266295103,EKLYA School of Business,college
4.8033973244331,45.7692209645412,Lycée professionnel Jehanne de France,school
4.78874021687143,45.7635628960521,École élémentaire Champvert Ouest,school
4.78744756798407,45.7639393576198,École maternelle Champvert Ouest A,school
4.78821333925033,45.763898021712,Groupe scolaire Champvert Ouest,school
4.85253954217222,45.7475013428777,Lycée professionnel privé Saint-Joseph,school
4.87083260250033,45.7464701512168,Collège Professeur Marcel Dargent,school
4.79310722207582,45.7646240477165,Groupe scolaire Hector Berlioz,school
4.88243026296467,45.7407338029456,,university
4.82172452759037,45.7271574878993,Cité Scolaire Internationale de Lyon,school
4.82900694008444,45.7569082883835,Université Catholique de Lyon,university
4.83266801685596,45.7741266476607,École primaire d'application Aveyron,school
4.8685219536092,45.7303993044192,École primaire Louis Pergaud,school
4.87002957153761,45.7330329890251,École primaire John Kennedy,school
4.78949898760791,45.7485867607331,École primaire Les Gémeaux,school
4.79043206405882,45.7508023678893,Groupe scolaire des Gémeaux,school
4.79120902909151,45.7520653145415,Lycée Edouard Branly,school
4.87151693629292,45.7508347123683,Lycée général et technologique privé Charles de Foucauld,school
4.83302297574623,45.7289594392469,École élémentaire Aristide Briand,school
4.85621888728523,45.7656019482787,École primaire publique Montaigne,school
4.84883724455331,45.7484395946117,Collège privé Saint-Louis de la Guillotière,school
4.85742989515382,45.7515400090988,École maternelle et primaire publique Aimé Césaire,school
4.87620852318746,45.7461760033047,Lycée professionnel privé Société enseignement professionnel du Rhône,school
4.87653069635924,45.744931532947,,kindergarten
4.87816193891534,45.7498024633119,École élémentaire Jules Verne,school
4.85529689803562,45.7472960359828,École primaire Julie-Victoire Daubié,school
4.78923332573473,45.7584194634207,Institution Salésienne Notre-Dame des Minimes,school
4.78542464301129,45.7561162120245,Groupe scolaire Diderot,school
4.8576700383223,45.7654150680681,École Ferry Montaigne,school
4.88835810527281,45.7489163498363,Collège Pierre Termier,school
4.89234131540287,45.7484870817598,École maternelle Condorcet,school
4.89149385848763,45.7483646569718,École primaire Condorcet,school
4.88942425370212,45.7447421224031,Institut de Formation des Cadres de Santé,university
4.88613668452608,45.7420238044429,Institut de formation aux carrières de santé des HCL - site Esquirol,college
4.82597323636073,45.7706469286838,École maternelle d'application Victor Hugo,school
4.82513521259007,45.770687612189,École élémentaire d'application Victor Hugo,school
4.82723660288868,45.7711909280258,Lycée professionnel Jacques de Flesselles,school
4.82685591328961,45.7726453006294,Crèche Le rêve en couleurs,kindergarten
4.82838520293066,45.7687515312969,Groupe scolaire Robert Doisneau,school
4.82590882542679,45.7756823462807,Groupe scolaire Joseph Cornier,school
4.82042783434703,45.7743146490463,École Supérieure du Professorat et de l’Éducation,university
4.83773464687779,45.7520898849978,Université Jean Moulin - Lyon 3 - Site des quais,university
4.87649148585613,45.7496919002194,Institut Régional de Formation Sanitaire et Sociale Rhône-Alpes,college
4.81141769736607,45.7689357056479,Conservatoire national supérieur musique et danse de Lyon,college
4.86636338305401,45.7656024197006,Groupe scolaire Notre-Dame de Bellecombe,school
4.83047316886555,45.7495494098996,Lycée Juliette Récamier,school
4.82884443275843,45.754624467576,Lycée général privé Saint-Marc,school
4.83131766687469,45.7510699176577,École maternelle Condé,school
4.83117809056965,45.7506446697804,École élémentaire Condé,school
4.8297867774757,45.7564447951368,École primaire privée Sacré-Coeur Centre Saint-Marc,school
4.82925392253631,45.7500785415299,Institut Vatel,college
4.82203187492473,45.7456007688251,Collège Jean Monnet,school
4.82236429804175,45.7437663379873,École maternelle Alix,school
4.8239747645863,45.7477206002807,École maternelle Gilibert,school
4.81745161707259,45.7682493172356,École Nationale Supérieure des Beaux-Arts de Lyon,college
4.85107374608254,45.7725819653605,Ensemble scolaire privé Fénelon - La Trinité,school
4.84605193920138,45.7738179703301,École primaire privée Externat de La Rédemption,school
4.84407030366937,45.7721211567456,École primaire privée École Bilingue La Nursery,school
4.84627872442477,45.7701628418874,Groupe scolaire Jean Racine B,school
4.84545739980662,45.7700645926586,École élémentaire A Jean Racine,school
4.85544727736167,45.7665911147554,Groupe scolaire Deborde,school
4.85293774906958,45.7701245479611,École élémentaire d'application Jean Rostand,school
4.84665122716267,45.7683448467656,Lycée général privé Externat de La Trinité,school
4.846900077979,45.7665729589201,École primaire publique Créqui,school
4.84318499792888,45.7683438859577,École primaire privée Cours Diot,school
4.85441622342421,45.7708704519115,École primaire privée Saint-Joseph des Brotteaux,school
4.84706158686707,45.7664062046499,École primaire privée Saint-Pothin,school
4.8126607356524,45.751825440347,Collège Saint-Marc,school
4.85027122422383,45.7494703595749,École primaire Jean-Pierre Veyet,school
4.84788691911517,45.7525488318521,École primaire Chavant-Félix Faure,school
4.84705617831369,45.7502700019012,École maternelle privée Notre-Dame,school
4.84814456648812,45.7517694686681,École primaire privée Notre-Dame Saint-Joseph,school
4.84661397685804,45.7461930126781,École maternelle Jean Macé,school
4.84579247956758,45.7465907541857,École primaire Jean Macé,school
4.8409690405918,45.7507428347125,Collège Georges Clemenceau,school
4.85805870371868,45.7462054719456,Lycée Polyvalent Hector Guimard,school
4.83661750572408,45.7474569498526,École primaire Berthelot,school
4.8386999499312,45.7517958883866,École primaire privée Saint-André,school
4.84002911682077,45.7525958835012,Lycée Belmont-Capdepon,school
4.83926888677457,45.7465752878983,École primaire privée Saint-Michel,school
4.85840005931283,45.7491687422695,Lycée général privé Chevreul,school
4.84328171267312,45.7532227231768,École maternelle Gilbert Dru,school
4.84354586315935,45.7534040736999,École primaire Gilbert Dru,school
4.83963274080895,45.7529214650057,École maternelle Pasteur,school
4.83927269482616,45.7529530803816,École primaire Cavenne,school
4.8589211636006,45.7491990972325,Collège Chevreul-Lestonnac,school
4.85887120041332,45.7486671012018,Lycée professionnel Chevreul-Lestonnac,school
4.85890507566861,45.7489076913134,Lycée technologique Chevreul-Lestonnac,school
4.85918488672882,45.7492085320263,École primaire privée Chevreul - Lestonnac,school
4.81443356072397,45.7902949779062,École primaire Antonin Laborde,school
4.80201073363286,45.7767513800511,École maternelle Audrey Hepburn,school
4.80260459067957,45.7770787520021,École élémentaire Audrey Hepburn,school
4.82625278899973,45.777276078657,Collège Jean-Baptiste de la Salle,school
4.82446805509733,45.7808896935656,Collège Clément Marot,school
4.86745588896569,45.7506839500737,École Élémentaire Gabriel Nové-Josserand,school
4.82532320188511,45.7966316535971,La CinéFabrique,college
4.87609229802386,45.7488254204482,École Émile Cohl,college
4.8366885490413,45.7723537669921,École primaire Michel Servet,school
4.82111217829167,45.7552158989108,Classes préparatoires à CPE Lyon,college
4.82024699220944,45.755489992007,École maternelle Mathilde Siraud,school
4.82168363779064,45.7806133889108,Cité scolaire Antoine de Saint-Exupéry,school
4.85761073027014,45.7717949075563,Lycée du Parc,school
4.88747313592683,45.7388803904312,Faculté de médecine Laennec - Domaine de la Buire,university
4.87141478522104,45.7368133797379,École La Mache,school
4.87862179421654,45.742176277806,Ecole paramédicale Rockefeller,college
4.86825799619481,45.7381393396777,ORT Lyon,school
4.8405034474163,45.7292365465347,Collège Gabriel Rosset,school
4.83378844738896,45.7291889748032,École maternelle Aristide Briand,school
4.83427974856737,45.7351383294027,École primaire privée Internationale Le Petit Monde,school
4.87018951214199,45.7447359438642,Groupe scolaire Lumière,school
4.85985255700488,45.74501374703,Lycée général et technologique Colbert,school
4.87296695960363,45.7477430588023,École maternelle Harmonie,school
4.86700758584435,45.7437577267074,École maternelle Paul-Emile Victor,school
4.87266454816444,45.7471278102316,École primaire Rebatel-Harmonie,school
4.8061092496194,45.7570816182579,Lycée et Collège La Favorite,school
4.80506319099599,45.7556200779828,École privée La Favorite,school
4.800730549231,45.7608337169035,École maternelle François Truffaut,school
4.78060195066604,45.7516045522653,Collège Les Battières,school
4.78001740539248,45.7496176954866,École primaire privée bilingue West Point,school
4.82403413186136,45.7641838426208,École Catholique d'Arts et Métiers de Lyon,university
4.8259003264804,45.7654949474643,Lycée Sainte-Marie,school
4.81866059017355,45.764223110219,Sainte-Marie - La Solitude,school
4.82569623691668,45.764500606578,Lycée général et technologique privé Aux Lazaristes,school
4.82825519790358,45.7650268344714,Groupe scolaire Jean Gerson,school
4.81541725537021,45.7613682783167,École maternelle La Sarra,school
4.86456264355245,45.7532697931371,Collège Gilbert Dru,school
4.87029465500946,45.7512327553281,École primaire publique Montbrillant,school
4.81949669615643,45.7781371106138,École maternelle Jean de la Fontaine,school
4.82009209389993,45.7783361327251,École maternelle Jean de la Fontaine,school
4.81802169327883,45.7800261659419,École primaire privée Charles Demia,school
4.81996144860294,45.778824790419,École élémentaire d'application La Fontaine,school
4.83123510588706,45.7792033191993,Collège privé Saint-Denis,school
4.83535744849288,45.7792616698173,Groupe scolaire Commandant Arnaud,school
4.82956920628262,45.7770391235998,Lycée professionnel Camille Claudel,school
4.83124185380452,45.7797874863928,École maternelle Les Petits Canuts,school
4.83141389782517,45.7802659789733,École primaire privée Saint-Denis,school
4.86264417943999,45.7668082672276,Collège Bellecombe,school
4.87328879536816,45.7605968368265,Collège Louis Jouvet,school
4.84455140674452,45.7576341584713,Groupe scolaire Paul Painlevé,school
4.86498278436678,45.7587416405438,École Charial,school
4.86755409407804,45.7601613787161,École maternelle Laurent Mourguet,school
4.8674258462566,45.7596398647877,École élémentaire Pompidou,school
4.82014991786088,45.7576871601633,Collège Jean Moulin,school
4.82183364148319,45.7562770486087,Lycée de Saint-Just,school
4.81114224334058,45.7572171460152,École maternelle Ferdinand Buisson,school
4.8117727198822,45.7570895820597,École élémentaire Ferdinand Buisson,school
4.81391926576481,45.7571476526883,École primaire privée Saint-Just Saint-Irénée,school
4.81659029902495,45.7578825058802,École primaire publique Albert Camus,school
4.82303712041682,45.7698114509402,Lycée La Martinière Diderot - Site Diderot,school
4.85145275344955,45.7276391185493,Lycée général privé La Xavière,school
4.87491208702142,45.7274786763412,École primaire Jean Giono,school
4.80807402648377,45.7795721158098,École maternelle de La Gare d'Eau,school
4.80762734381208,45.7794920938655,École élémentaire de La Gare d'Eau,school
4.83211904353441,45.7549137067992,École primaire publique Michelet,school
4.85074772017526,45.7309222889102,École primaire Marie Bordas,school
4.86559366246745,45.7384899941543,École élémentaire Combe Blanche,school
4.86594621254108,45.739016757351,École maternelle Combe Blanche,school
4.86507192093065,45.733912243428,École maternelle Charles Péguy,school
4.86444022437079,45.7345275600071,École élémentaire Charles Péguy,school
4.86184271445002,45.7355173035472,Lycée Auguste et Louis Lumière,school
4.86238837090012,45.7323157159878,Lycée professionnel Jean Lurçat,school
4.87745480985763,45.7500472328906,École maternelle Jules Verne,school
4.79416253653339,45.7788112183116,Groupe scolaire Les Fougères,school
4.83849740501833,45.7384904014682,Conservatoire National des Arts et Métiers - Campus Lyon Métropole,college
4.81598459573096,45.7931334379855,Lycée Jean Perrin,school
4.81711744729335,45.7941810113719,Collège Jean Perrin,school
4.80419372969254,45.7737969882936,Collège Jean de Verrazane,school
4.85244750611304,45.7700419300848,École maternelle Jean Rostand,school
4.8464389033682,45.7597406470095,École maternelle Antoine de Saint-Exupéry,school
4.84727436239351,45.7585725630165,École élémentaire Mazenod,school
4.84770133782542,45.7586039588568,Collège Raoul Dufy,school
4.85044402372126,45.7640929590812,École élémentaire Jean Jaurès,school
4.85034176786028,45.7638264640114,École maternelle Jean Jaurès,school
4.84358551360691,45.7664367259226,École maternelle publique Pierre Corneille,school
4.84363143459648,45.7663046786797,École élémentaire publique Pierre Corneille,school
4.83775181939042,45.7457237692667,YNOV Lyon,college
4.87022995005157,45.7553728475327,École élémentaire Meynis,school
4.87041106053184,45.7557736728148,École maternelle Meynis,school
4.83937784348336,45.748027454319,École élémentaire privée enfants précoces,school
4.8709095524547,45.7398887203111,Lycée général et technologique La Martinière Monplaisir,school
4.83325278288035,45.733323189514,École Normale Supérieure de Lyon - Site René Descartes,university
4.8258182898021,45.7259861074063,Institut de Science Financière et d'Assurances,university
4.83026840292077,45.7349609609211,Groupe scolaire Claudius Berthelier,school
4.83009417137382,45.7677750863425,Lycée La Martinière Diderot - Site Terreaux - Les Augustins,school
4.8271842160871,45.7253905213129,Tony Parker Adéquat Academy,university
4.86555074959523,45.7362323162437,Collège Alice Guy,school
4.87580441935341,45.7474972190065,Centre de formation Fédération Compagnonnique,college
4.88708906719622,45.7332213996911,École primaire Jean Mermoz,school
4.88790252273496,45.732997506427,École maternelle Jean Mermoz B,school
4.88825875488022,45.7335553623829,Collège Jean Mermoz,school
4.8375167949069,45.7652058788412,Collège Ampère,school
4.88539928639297,45.7493579689348,Collège Molière,school
4.81741593542118,45.7711688655222,Collège privé Saint-Louis - Saint-Bruno,school
4.87287187054461,45.7407669991529,École primaire privée Pierre Termier,school
4.87322569307852,45.7420373666123,Collège et Lycée privé Pierre Termier,school
4.83443878286605,45.7750066489372,École maternelle du Gros Caillou,school
4.8451691397907,45.7653912933182,Lycée général et technologique Édouard Herriot,school
4.8588251556601,45.7547877898995,Epita,college
4.84704415839402,45.7718644429262,Collège Vendôme (annexe),school
4.845619423935,45.7721917208513,Lycée du Parc (Internat-Annexe),school
4.8452110138187,45.7705589108269,Collège Vendôme,school
4.84291896860553,45.7677090562442,École maternelle privée Cours Diot,school
4.85288908129226,45.7677604233677,Crêche Cuvier,kindergarten
4.88603262059093,45.7480170221428,École maternelle Viala,school
4.88976705844203,45.7510798334813,Crèche Municipale,kindergarten
4.88603827394253,45.7491093467613,École primaire Louise,school
4.875897127831,45.7523168553975,Annexe école primaire privée Charles de Foucauld,school
4.88512715980705,45.748447303932,Montchatons,kindergarten
4.86692528358158,45.750556790033,Crèche Nové Josserand,kindergarten
4.86442806802367,45.7472264663328,École primaire Paul-Emile Victor,school
4.87709808797324,45.7271577045432,École primaire Jean Macé,school
4.86871204768571,45.7437634128444,École primaire privée Saint-Maurice,school
4.87746818148755,45.7269663307901,École maternelle Jean Macé,school
4.87939636338994,45.7417196688794,ISPB Faculté de Pharmacie Botanique,university
4.87693100697844,45.7330744446228,Centre Inter-Régional de Formation Alternée en Plasturgie,college
4.88228403473942,45.7361866431386,École maternelle Édouard Herriot,school
4.88218163170666,45.7406240313238,Amphithéatre Jean-François Cier,university
4.8879132497182,45.7384728506978,Université Claude Bernard - Lyon 1 - Faculté d'odontologie,college
4.86571639498908,45.7477594863865,Campus Sciences-U Lyon,college
4.83187993898701,45.7394482367952,Lycée professionnel Louise Labé,school
4.84711577704069,45.7554703123938,Lycée Ampère-Saxe,school
4.79742867336623,45.7849352900502,Lycée La Martinière Duchère,school
4.85221966244445,45.746697592234,Université de Lyon (PRES),university
4.85868836277444,45.7476456714603,Institut supérieur de communication et de publicité,college
4.85368560668479,45.7683736011754,École primaire Louis Pradel,school
4.82109149435121,45.7389575823698,Confluence Institute for Innovation and Creative Strategies in Architecture,university
4.8537788475716,45.7556757941366,École primaire Léon Jouhaux,school
4.81725839944911,45.7809685761671,Internat Adolphe Favre,school
4.82326953781835,45.770733424345,Institution des Chartreux,school
4.79395761220468,45.7817886760687,École primaire Les Anémones,school
4.7946916994277,45.7878938254715,École primaire Les Bleuets,school
4.7955894524349,45.7891497516167,Collège Victor Schoelcher,school
4.83641558882004,45.7503993947241,Bélénos,university
4.85299213842071,45.7464384023088,Etablissement scolaire provisoire,school
4.8605694859407,45.7479993211657,Université Lyon 3 - Campus Manufacture des Tabacs,university
4.83557600436338,45.7465419029627,Centre Berthelot,university
4.83357663119815,45.7416335176773,École des Girondins,school
4.82279546246827,45.763306705172,École Catholique des Arts et Métiers,college
4.81763164954667,45.7395595389124,,college
4.8233905329544,45.7663540512203,MADE iN Sainte-Marie Lyon,college
4.83891126033237,45.7389840808393,École primaire François Auguste Ravier,school
4.87039875997992,45.7568843876438,École primaire Paul Bert,school
4.82171780777721,45.7475137372522,Institut d'étiopathie de Lyon,college
4.82659851591699,45.7515598812879,Université Catholique de Lyon,university
4.82658455845575,45.7558604588235,Lycée professionnel privé Institut Technique des Carrières Carole,school
4.82914477545998,45.7562571306657,Collège privé Chevreul,school
4.83501673117372,45.7626337699592,Centre de formation des enseignants de la musique,college
4.83371292252651,45.7654990924134,École générale privée Cours Pascal,school
4.83257729341139,45.7674802733547,Lycée professionnel privé de Coiffure,school
4.82873830128418,45.7680815907476,Horizon Santé,college
4.83150700503571,45.7683611201466,Lycée La Martinière Diderot - Site Terreaux - La Centrale,school
4.80055203754854,45.7863476428797,Groupe scolaire Les Dalhias,school
4.81952795782085,45.7438247010508,Groupe scolaire Germaine Tillion,school
4.8310871262139,45.7706258803401,École primaire des Tables Claudiennes,school
4.83317155373395,45.7728966656624,École maternelle Raoul Dufy,school
4.82436018640279,45.8007320665426,École maternelle publique Frédéric Mistral,school
4.82373161005933,45.8013161296337,École élémentaire Frédéric Mistral,school
4.82699529263754,45.8004010393973,École primaire d'application Les Grillons,school
4.85673613554861,45.747290564995,École maternelle publique Crestin,school
4.83357654680832,45.7416330679984,Groupe scolaire Françoise Héritier,school
4.81256836807354,45.7762794648271,Collège privé les Chartreux - Saint-Charles,school
4.8114648693639,45.775622997794,École primaire publique des Entrepôts,school
4.86211831115745,45.7401995329901,École maternelle publique Simone Veil,school
4.8021662541793,45.7699147353269,École primaire Joannes Masset,school
4.80827264465963,45.7711033480054,École élémentaire du Chapeau Rouge,school
4.8083807425231,45.771591986586,École maternelle Chapeau Rouge,school
4.86432046563977,45.7271540103645,École primaire Alain Fournier,school
4.82866382457706,45.7717867154676,Lycée privé Jean-Baptiste de La Salle,school
4.82365273501608,45.7715142125817,Lycée général et technologique privé Saint-Bruno-Saint-Louis,school
4.86867305377034,45.745087011133,Lycée professionnel du Premier Film,school
4.8267401487536,45.7298822469055,École Normale Supérieure de Lyon - Site Jacques Monod,university
4.82242125854053,45.7324511320033,Lycée Docteur Charles Mérieux,school
4.83534286474749,45.7415190848734,Collège Gisèle Halimi,school
4.85782409952964,45.7312591561716,groupe scolaire Anne Sylvestre,school
4.82640635973063,45.7466040105912,Université Catholique de Lyon - Campus Saint-Paul,university
4.8228613,45.7410037003808,Espace Santé Confluence,doctors
4.8736576,45.7554965003787,,dentist
4.8761663,45.7567563003785,Cabinet d'infirmier des Maisons Neuves,clinic
4.8760065,45.7332707003818,Physio Mermoz,doctors
4.8740606,45.7328700003819,Centre Médico-Psychologique Maryse Bastié,doctors
4.8743369,45.7329328003819,Renaud Zimmermann,doctors
4.8736516,45.7332857003818,Pascal Bouteldja,doctors
4.8838359,45.7327287003819,Laurent Chapuis,doctors
4.8528767,45.7367903003813,,pharmacy
4.8532122,45.7345038003817,Laboratoire Protheses Dentaires V.Ceccarelli,dentist
4.8527435,45.7371049003813,Cabinet infirmier G.Dubois/M.Radovic,clinic
4.8538358,45.7341922003817,Cabinet Infirmier,clinic
4.8073502,45.7785464003754,Pharmacie de la gare d'eau,pharmacy
4.8435577,45.7477004003798,Pharmacie Jean Macé,pharmacy
4.8080562,45.7858503003744,Pharmacie du 9e,pharmacy
4.8448324,45.7505966003794,Pharmacie Saint-Louis,pharmacy
4.791798,45.7657986003772,Pharmacie des Deux Amants,pharmacy
4.827309,45.7794528003753,Pharmacie des Canuts,pharmacy
4.7964549,45.7566175003786,Pharmacie du Point du Jour,pharmacy
4.8298511,45.7982183003726,Pharmacie de l'Île Barbe,pharmacy
4.8509651,45.7569609003785,Cabinet Infirmier Lyonnais,doctors
4.8541071,45.7488652003796,Clinique dentaire et d'orthodontie mutualiste,hospital
4.8349223,45.7777429003756,Pharmacie de la Place Bertone,pharmacy
4.858889,45.753720100379,Pharmacie de LYON,pharmacy
4.8293313,45.753514300379,Pharmacie Khalatbari,pharmacy
4.8294666,45.774876600376,Pharmacie du Marché,pharmacy
4.8321327,45.7753724003759,Pharmacie Lafayette de la Place,pharmacy
4.8315339,45.774734700376,Pharmacie de la croix rousse,pharmacy
4.8329484,45.7644460003775,Boticinal Grande Pharmacie de Lyon Saint-Nizier,pharmacy
4.8300126,45.7689154003768,Pharmacie Cueilleron,pharmacy
4.8282739,45.7662567003772,Grande Pharmacie Saint-Paul,pharmacy
4.8281538,45.7683178003769,Pharmacie Saint-Vincent,pharmacy
4.7922134,45.7588492003782,Pharmacie des Aqueducs,pharmacy
4.8332116,45.7768234003757,Pharmacie du Mail,pharmacy
4.832197,45.7761364003758,Pharmacie des Lions,pharmacy
4.8426935,45.7559100003787,Pharmacie Jeantet,pharmacy
4.8424818,45.7552449003788,Pharmacie de la Guillotière,pharmacy
4.8266996,45.7741738003761,Pharmacie Moreau,pharmacy
4.8328938,45.774734100376,Pharmacie Du Gros Caillou,pharmacy
4.8419751,45.7544751003789,Comité Départemental d'Hygiène Sociale,clinic
4.8427077,45.7586846003783,Marie Merle psychologue clinicienne,doctors
4.8442872,45.7506842003794,,doctors
4.8263701,45.7594761003782,Pharmacie du Vieux-Lyon,pharmacy
4.7855842,45.7570427003785,Pharmacie de Ménival,pharmacy
4.8481729,45.753353400379,Dentego,dentist
4.8359766,45.7573210003784,Pharmacie Bel,pharmacy
4.8670688,45.7449990003802,Pharmacie des Frères Lumière,pharmacy
4.8693738,45.7442047003803,Grande Pharmacie de Monplaisir,pharmacy
4.8727629,45.7437059003804,Pharmacie de l'Institut,pharmacy
4.8693568,45.7366867003813,Pharmacie Marsot et Sigaud,pharmacy
4.8307224,45.7557398003787,Pharmacie Victor Hugo,pharmacy
4.8359074,45.7600922003781,Pharmacie Hôtel Dieu,pharmacy
4.8410187,45.7579310003784,Pharmacie du Village,pharmacy
4.8456856,45.7520208003792,Pharmacie de l'Aigle,pharmacy
4.8036375,45.7792124003754,Pharmacie de la Place de Paris,pharmacy
4.8286534,45.7520219003792,Pharmacie Jean-Pierre Foraz,pharmacy
4.8293928,45.7514186003793,Pharmacie Perrache Carnot,pharmacy
4.8574817,45.7698191003767,Hello Pharmacie des Brotteaux,pharmacy
4.8505178,45.7692398003768,Pharmacie Vitton,pharmacy
4.8549932,45.7698188003767,Pharmacie du 6ème,pharmacy
4.8622369,45.7410289003808,Pharmacie du 8ème,pharmacy
4.8852755,45.7304486003822,Pharmacie Jean Mermoz,pharmacy
4.8566375,45.7668935003771,Pharmacie des Brotteaux,pharmacy
4.8547282,45.7689701003768,Pharmacie de Sèze,pharmacy
4.8338623,45.7634214003776,Pharmacie Lafayette Florit,pharmacy
4.8332721,45.7595650003782,Pharmacie des Archers,pharmacy
4.8340461,45.7589560003782,Pharmacie Reboul,pharmacy
4.8279687,45.7565078003786,Pharmacie de la Passerelle,pharmacy
4.8069249,45.774644900376,Pharmacie Normale de Vaise,pharmacy
4.8561538,45.7705190003766,Centre médico-dentaire,dentist
4.8784117,45.7548607003788,Dr Couty,doctors
4.8648775,45.7499414003795,Pharmacie du Dauphin,pharmacy
4.8551626,45.7482158003797,Pharmacie Lestaevel,pharmacy
4.8480727,45.7486748003797,Pharmacie de la Madeleine,pharmacy
4.8810771,45.7482050003797,Pharmacie Ternamian,pharmacy
4.8844527,45.7496105003795,Pharmacie du Cours,pharmacy
4.839555,45.7485819003797,Pharmacie Nesme,pharmacy
4.7980599,45.7565422003786,Grande Pharmacie de l'Ouest Lyonnais,pharmacy
4.8649046,45.732375400382,Pharmacie Couderc,pharmacy
4.8641695,45.7333242003818,Pharmacie des États-Unis,pharmacy
4.852954,45.7292776003824,Pharmacie du Moulin à Vent,pharmacy
4.8663509,45.7287055003825,Pharmacie du Marché des États-Unis,pharmacy
4.8302729,45.7530100003791,Chatelon,pharmacy
4.8567316,45.7621602003778,Grande Pharmacie de la Part Dieu,pharmacy
4.8026706,45.7681823003769,Pharmacie Gorge de Loup,pharmacy
4.8305554,45.7665948003771,Pharmacie de la Tour,pharmacy
4.832882,45.767739600377,Pharmacie des Terreaux,pharmacy
4.8327864,45.7555176003787,Pharmacie de la Grande poste,pharmacy
4.8297116,45.7523478003792,Pharmacie Limonne,pharmacy
4.8279346,45.7526749003791,Pharmacie Franklin,pharmacy
4.8332351,45.7621000003778,Pharmacie du Centre,pharmacy
4.8521908,45.7693375003767,Grande Pharmacie du Parc,pharmacy
4.8611086,45.7704451003766,Pharmacie Anton & Willem,pharmacy
4.8362055,45.7669467003771,Pharmacie de l'Opéra,pharmacy
4.8331261,45.7713466003765,Pharmacie de la Colline,pharmacy
4.8455461,45.7637316003776,Pharmacie Dahan,pharmacy
4.842785,45.7637075003775,Pharmacie du Rhône,pharmacy
4.8264711,45.7490568003796,Grande Pharmacie de Perrache,pharmacy
4.8717841,45.7456159003801,Pharmacie Grange-Blanche,pharmacy
4.8134784,45.7580587003783,Pharmacie de Trion,pharmacy
4.8455753,45.7690710003768,Pharmacie Le Niger Duittoz,pharmacy
4.8475423,45.7688882003768,Pharmacie Leclerc Le Goffic,pharmacy
4.8535238,45.7299258003823,La Pharmacie d'Anne Salort,pharmacy
4.8004772,45.788920700374,Pharmacie Balmont,pharmacy
4.8242731,45.74637150038,Pharmacie Charlemagne,pharmacy
4.8470799,45.7727034003763,Pharmacie Duquesne,pharmacy
4.8051857,45.7756982003758,Pharmacie Kauffmann Perrin,pharmacy
4.8321253,45.7777504003756,Pharmacie Keller,pharmacy
4.8283709,45.7643102003775,Pharmacie du Change,pharmacy
4.820748,45.7785889003754,Pharmacie Moncozet Clément,pharmacy
4.8220975,45.7445045003803,Pharmacie Sainte-Blandine,pharmacy
4.8528777,45.7369654003813,Pharmacie Triolaire,pharmacy
4.8322228,45.7796009003753,Pharmacie de l'Ambre,pharmacy
4.8326014,45.781578400375,Pharmacie de l'Ambre,pharmacy
4.850055,45.7667210003771,Pharmacie de l'Europe,pharmacy
4.8348286,45.7762420003758,Pharmacie de la Soie,pharmacy
4.868066,45.7638428003775,Pharmacie des Charmettes,pharmacy
4.8213454,45.7727790003763,Pharmacie du Clos Jouve,pharmacy
4.8471116,45.7705936003766,Pharmacie Duguesclin,pharmacy
4.8770793,45.7406668003808,Institut d'hématologie et d'oncologie pédiatrique,hospital
4.8541363,45.7507382003794,SOS Médecins,doctors
4.8058216,45.767423300377,Pharmacie du Cap de Vaise,pharmacy
4.8083639,45.7734910003762,Pharmacie Saint-Pierre-de-Vaise,pharmacy
4.8017095,45.7756828003758,Pharmacie Marietton,pharmacy
4.8532944,45.7527103003791,Docteur Asaad Samer,doctors
4.8686586,45.7531561003791,Pharmacie Lacassagne,pharmacy
4.8676658,45.7547848003788,Pharmacie de l'Isle,pharmacy
4.876031,45.7555791003787,Pharmacie des Maisons Neuves,pharmacy
4.8653981,45.7568007003785,Pharmacie Sainte-Anne,pharmacy
4.8676324,45.7592043003782,Pharmacie Lacroix,pharmacy
4.8526822,45.7637649003776,Pharmacie Tête d'Or,pharmacy
4.8490476,45.7632420003776,Pharmacie des Halles,pharmacy
4.8566797,45.7569526003785,Pharmacie de la Rize,pharmacy
4.8492656,45.7569645003785,Pharmacie Voltaire,pharmacy
4.8472268,45.7563946003786,Pharmacie Vendôme,pharmacy
4.8460388,45.7561011003786,Pharmacie Tarak,pharmacy
4.846151,45.7568822003785,Grande Pharmacie de Saxe,pharmacy
4.8453274,45.760769200378,Pharmacie de la Préfecture,pharmacy
4.8468798,45.7596325003781,Pharmacie Place Guichard,pharmacy
4.8497706,45.7610540003779,Pharmacie Masselot,pharmacy
4.8878475,45.7504917003794,Pharmacie des Charmilles,pharmacy
4.8912556,45.753227000379,Pharmacie de la Place Ronde,pharmacy
4.8897505,45.753572500379,Grande Pharmacie de Montchat,pharmacy
4.8177809,45.7437677003804,Pharmacie Lyon Confluence,pharmacy
4.8532244,45.7325399003819,Dr Eliane Duperray,doctors
4.8446429,45.7548549003788,Pharmacie des Facultés,pharmacy
4.8504911,45.7528463003791,Pharmacie Aristide Briand,pharmacy
4.8532676,45.7528077003791,Pharmacie Felix Faure,pharmacy
4.8642919,45.7636148003776,Pharmacie Lafayette,pharmacy
4.8782713,45.7272027003827,Grande pharmacie de la Plaine,pharmacy
4.8764372,45.7294201003824,Pharmacie Paul Santy,pharmacy
4.8834392,45.7359421003815,Pharmacie Ambroise Paré,pharmacy
4.8328957,45.7660157003772,Pharmacie du Serpent,pharmacy
4.8637601,45.7457350003801,Thierry Bouchard,dentist
4.8593924,45.7403198003809,Pharmacie Hacker,pharmacy
4.862227,45.7375981003812,Pharmacie du Peintre Villon,pharmacy
4.8784405,45.7384319003811,Pharmacie Dumas-Tachet,pharmacy
4.8766463,45.7426374003805,Denis Gaisnon,doctors
4.7944913,45.7729748003762,Anne-sophie Dachy - Ostéopathe Lyon 9,doctors
4.8753539,45.7495935003795,Centre médical et dentaire MGEN,hospital
4.8266079,45.7348932003816,Pharmacie du 7ème,pharmacy
4.8287133,45.7306851003822,Pharmacie des Pavillons,pharmacy
4.8293716,45.7359289003815,Pharmacie Bouvier,pharmacy
4.848357,45.7487500003797,Docteur Julie Plot,doctors
4.7926307,45.7632115003776,Maison médicale de garde Buyer,doctors
4.8493102,45.7693390003768,Pharmacie Kléber,pharmacy
4.8440326,45.7670577003771,Grande Pharmacie Lyon Saxe,pharmacy
4.8847583,45.7410805003807,Pharmacie Labbe-Dutilleul,pharmacy
4.8710782,45.7303124003822,Pharmacie Pérard,pharmacy
4.8356863,45.7343606003817,Pharmacie Bonglet-Djian,pharmacy
4.832955,45.7298151003823,Pharmacie Centrale de Gerland,pharmacy
4.8257525,45.8005686003723,Pharmacie de Saint-Rambert,pharmacy
4.8485748,45.7690125003768,Centre d'Exploration de la Rétine Kleber,clinic
4.8065427,45.7769278003757,Radiologie Lyon 9,doctors
4.8084621,45.7831439003748,Cabinet dentaire Rhin & Danube,dentist
4.8274615,45.7342088003817,,doctors
4.8294904,45.7345969003817,Cabinet Infirmier Rodolphe Calvet,doctors
4.8432829,45.7705395003766,Pharmacie Foch,pharmacy
4.8450166,45.7751711003759,Phamacie de la Roseraie,pharmacy
4.8288649,45.7312792003821,Cabinet Paramédical,clinic
4.8494562,45.7729703003762,Centre médical Parot,doctors
4.8265501,45.7348096003816,Cabinet médical Yves Farge,doctors
4.8442841,45.7739973003761,Docteur Carol Gilibert,doctors
4.846946,45.7738740003761,Docteur Franck Godesky,doctors
4.8443982,45.7736973003761,Docteur Claire Amoros Bessede,doctors
4.7898434,45.7890752003739,Pharmacie de la Sauvegarde,pharmacy
4.8334072,45.7370202003813,Pharmacie des Girondins Lyon,pharmacy
4.8715494,45.7457110003801,Sautier,doctors
4.878049,45.7490247003796,Deleage-Upi,doctors
4.8456719,45.7617881003778,Penet,doctors
4.8534502,45.7309205003822,Pierre Billon,doctors
4.8893624,45.739433700381,Centre Medicina,hospital
4.8458137,45.7695136003767,Imagerie Médicale Créqui,clinic
4.8817178,45.7326625003819,Pharmacie de la Licorne,pharmacy
4.8465402,45.7587076003783,Chirurgie dentaire,dentist
4.8337161,45.7629622003777,Cabinet d'orthodontie Chantal Malins,dentist
4.8670821,45.7547077003788,Hueber Thierry,dentist
4.8748915,45.7431028003805,Docali,dentist
4.8320599,45.7594130003782,,doctors
4.8451222,45.7696784003767,Centre Ophtalmologique Vendôme,doctors
4.8761726,45.7338135003818,Hôpital de jour Adultes Quadrille,clinic
4.815335,45.7907844003737,Pharmacie des Docks,pharmacy
4.7953647,45.7866104003743,Grande pharmacie du Plateau,pharmacy
4.8328224,45.7584906003783,Dr Ajzenberg,doctors
4.8639376,45.7458846003801,Pascal Eymeric,dentist
4.8528129,45.7353340003816,Pharmacie Lyon Grand Trou,pharmacy
4.8262068,45.7719681003764,Pharmacie Moulines,pharmacy
4.8305957,45.7587868003783,Pharmacie Bellecour,pharmacy
4.8362261,45.760584800378,Dentego,dentist
4.8414955,45.7600651003781,Wilson Medical,clinic
4.8486831,45.753173200379,Pharmacie de l'Abondance,pharmacy
4.8359614,45.7695884003767,Pharmacie Croix-Paquet,pharmacy
4.8249234,45.8012442003722,,doctors
4.8248987,45.7471115003799,Grande Pharmacie des Voutes,pharmacy
4.8775747,45.7426994003805,Pharmacie de la Sirène,pharmacy
4.8239871,45.774654500376,Cabinet d'osthéopathie des Canuts,doctors
4.8705617,45.7344093003817,Centre Orthopédique Santy,doctors
4.8412994,45.7497428003795,Pharmacie du Prado,pharmacy
4.8853859,45.7496999003795,,dentist
4.8441105,45.7634928003776,Cabinet Dentaire Lafayette Préfecture,dentist
4.8863101,45.7539490003789,Docteur Lisa Blic,dentist
4.8164049,45.7599824003781,Dr Nadège Thieulent,doctors
4.8826089,45.7418771003806,ORTHO CENTER,doctors
4.8081135,45.7859901003744,Pôle médical vaise,doctors
4.8523167,45.7637505003775,place dentaire,dentist
4.8533207,45.7513353003793,Pharmacie Gambetta,pharmacy
4.8380569,45.7370282003813,Pharmacie Bange,pharmacy
4.8566955,45.7637702003775,Pharmacie Mathey-François,pharmacy
4.8344394,45.732375000382,Charlotte Astier,doctors
4.834449,45.732383700382,Pascale Leydier,doctors
4.8507511,45.7426880003805,Pharmacie du progrès,pharmacy
4.8376472,45.74672150038,Pharmacie du Midi,pharmacy
4.8346466,45.7473802003799,Pharmacie de l'Université,pharmacy
4.8371171,45.7468885003799,Pharmacie Berthelot,pharmacy
4.7823266,45.7541139003789,Pharmacie des Battières,pharmacy
4.8356229,45.7635534003776,Grande Pharmacie Lyonnaise,pharmacy
4.8434971,45.74620920038,Cardiologue,doctors
4.8499091,45.7470750003799,,doctors
4.83589803578038,45.7496430367725,Centre hospitalier Saint-Joseph Saint-Luc,hospital
4.87764097327059,45.7410779453958,Centre de lutte contre le cancer Léon Bérard,hospital
4.79751229046367,45.7600640886204,Maison Médicale des Massue,clinic
4.87590894738769,45.7357839017979,Hôpital privé Jean Mermoz,hospital
4.79774024308463,45.762689363963,Pharmacie de Champvert,pharmacy
4.83081778339825,45.7817400340297,Hôpital de la Croix-Rousse,hospital
4.78804822973651,45.7491280852209,Hôpital gériatrique Pierre Garaud,hospital
4.88262186987398,45.7437454852589,Hôpital Édouard Herriot,hospital
4.89088796044785,45.7409538526642,Hôpital d'instruction des armées Desgenettes,hospital
4.78659800120795,45.7881326223485,Clinique de la Sauvegarde,hospital
4.79709392096812,45.7610496348213,Centre médico-chirurgical de réadaptation des Massues,hospital
4.85155648615131,45.722703514437,Hôpital Psychiatrique Saint-Jean-de-Dieu,hospital
4.82741371834473,45.7699470912617,Clinique Saint-Charles,hospital
4.86961773723688,45.7380991638977,Clinique Saint-Jean,hospital
4.80444027837309,45.7589577395917,Clinique Lyon Champvert,hospital
4.80221686586632,45.752568115497,Clinique Villa des Roses,hospital
4.81833952018771,45.7623313749177,Hôpital gériatrique de Fourvière,hospital
4.87167501532375,45.756842878366,Clinique Émilie de Vialar,hospital
4.83876701338016,45.7508299987003,Service de Consultations et de Traitements Dentaires,clinic
4.84540863049988,45.7595580430261,Clinique Part-Dieu,clinic
4.87118143993164,45.7362541131407,Croix-Rouge française,hospital
4.87800371851345,45.7413239776942,Centre Léon Bérard,hospital
4.87475096075324,45.7359567760135,Clinique Iris,hospital
4.85929206516469,45.7716493062302,Clinique du Parc,hospital
4.8655175,45.7574278003784,Buste d'Étienne Richerand,monument
4.83410177037036,45.7707932014761,,monument
4.81175625000024,45.7625762503792,Mémorial Sapeurs Pompiers,monument
4.826965,45.749554,Perrache,station_metro_A
4.829232,45.753161,Ampère – Victor-Hugo,station_metro_A
4.832928,45.757542,Bellecour,station_metro_A
4.835816,45.763393,Cordeliers,station_metro_A
4.836012,45.767785,Hôtel de Ville – Louis-Pradel,station_metro_A
4.844525,45.768771,Foch,station_metro_A
4.853208,45.769572,Masséna,station_metro_A
4.863397,45.770453,Charpennes – Charles-Hernu,station_metro_A
4.87366,45.770558,République – Villeurbanne,station_metro_A
4.882197,45.769029,Gratte-Ciel,station_metro_A
4.889849,45.767617,Flachet – Alain Gilles,station_metro_A
4.900415,45.765661,Cusset,station_metro_A
4.908764,45.764118,Laurent-Bonnevay – Astroballe,station_metro_A
4.921923,45.76123,Vaulx-en-Velin – La Soie,station_metro_A
4.863397,45.770453,Charpennes – Charles-Hernu,station_metro_B
4.859412,45.767025,Brotteaux,station_metro_B
4.857851,45.761721,Part-Dieu – Gare SNCF,station_metro_B
4.847385,45.759217,Place Guichard – Bourse du Travail,station_metro_B
4.846988,45.753799,Saxe – Gambetta,station_metro_B
4.84253,45.746376,Jean-Macé,station_metro_B
4.837294,45.737541,Place Jean-Jaurès,station_metro_B
4.833453,45.731075,Debourg,station_metro_B
4.830819,45.726637,Stade de Gerland,station_metro_B
4.814624,45.716683,Gare d’Oullins,station_metro_B
4.836012,45.767785,Hôtel de Ville – Louis-Pradel,station_metro_C
4.836323,45.770868,Croix-Paquet,station_metro_C
4.831983,45.774371,Croix-Rousse,station_metro_C
4.827493,45.779586,Hénon,station_metro_C
4.832869,45.785407,Cuire,station_metro_C
4.80441,45.780383,Gare de Vaise,station_metro_D
4.805569,45.774588,Valmy,station_metro_D
4.805376,45.766382,Gorge de Loup,station_metro_D
4.826388,45.759963,Vieux Lyon – Cathédrale Saint-Jean,station_metro_D
4.832928,45.757542,Bellecour,station_metro_D
4.842916,45.755306,Guillotière – Gabriel-Péri,station_metro_D
4.846988,45.753799,Saxe – Gambetta,station_metro_D
4.853693,45.751594,Garibaldi,station_metro_D
4.865189,45.747627,Sans-Souci,station_metro_D
4.871728,45.745395,Monplaisir – Lumière,station_metro_D
4.878842,45.742938,Grange Blanche,station_metro_D
4.886384,45.738574,Laënnec,station_metro_D
4.887355,45.73067,Mermoz – Pinel,station_metro_D
4.887497,45.719525,Parilly,station_metro_D
4.88794,45.705363,Gare de Vénissieux,station_metro_D
4.8508261,45.7569563003785,Canaille & Pétrin,bakery
4.8473158,45.7561817003786,U Express,supermarket
4.8649915,45.7578280003784,Objectif PE,educational_institution
4.8344873,45.7796274003753,Le fournil d'eloïse,bakery
4.8187129,45.7407851003808,Paul,bakery
4.8157673,45.7566215003786,Grains de sucre,bakery
4.8348262,45.7672747003771,Boulangerie Augustin,bakery
4.8530323,45.7357634003815,Delavegas,supermarket
4.8528767,45.7367903003813,,pharmacy
4.8526264,45.7374277003813,cocciMarket,supermarket
4.8524588,45.7379393003812,Elsa Boulangerie,bakery
4.8276219,45.7756753003759,U Express Croix-Rousse,supermarket
4.8073502,45.7785464003754,Pharmacie de la gare d'eau,pharmacy
4.8217805,45.7434706003804,Le Saint-Honoré,bakery
4.8396913,45.7484393003797,Antoinette Pain & Brioche,bakery
4.8273778,45.7596622003781,Epiason,bakery
4.8753589,45.7444055003803,Maison Ghisalberti,bakery
4.8783145,45.7277363003826,Garod,bakery
4.8780126,45.7280764003826,Boulangerie Liséa,bakery
4.8292948,45.774734100376,Laurette & Marinette,bakery
4.8454677,45.7508524003794,La Fabrique de Justine,bakery
4.8444654,45.7668756003771,Max Poilâne,bakery
4.8759024,45.7299111003823,La Gazelle,bakery
4.8852606,45.7301802003823,,bakery
4.8823865,45.7349065003816,Adebert,bakery
4.855944,45.7478543003798,Lidl,supermarket
4.8540371,45.7495304003796,Monoprix,supermarket
4.8512308,45.7527814003791,,supermarket
4.8644733,45.7455063003801,Boulangerie Berlier,bakery
4.8553474,45.7483514003797,Le Pain du Roy,bakery
4.8734772,45.7433516003804,Maison Français,bakery
4.8700841,45.7528949003791,Le Moulin,bakery
4.8665494,45.7526627003791,Les Douceurs de Mélisse,bakery
4.8435577,45.7477004003798,Pharmacie Jean Macé,pharmacy
4.8080562,45.7858503003744,Pharmacie du 9e,pharmacy
4.8495701,45.7671283003771,Super U Lyon 6e,supermarket
4.8448324,45.7505966003794,Pharmacie Saint-Louis,pharmacy
4.8547266,45.7659972003772,Chez Thomas,bakery
4.8566959,45.7664694003772,Chez Jules,bakery
4.8408563,45.7528727003791,Saveurs & Gourmandises,bakery
4.8533822,45.7507145003794,La Mie du Pain,bakery
4.8346402,45.7756020003759,Les Co'pains D'antan,bakery
4.8896884,45.753736600379,Super U,supermarket
4.8262552,45.7765624003757,Boulangerie Henry,bakery
4.8682332,45.7447215003802,Boulangerie Devesa,bakery
4.791798,45.7657986003772,Pharmacie des Deux Amants,pharmacy
4.827309,45.7794528003753,Pharmacie des Canuts,pharmacy
4.805172,45.774792300376,Monoprix Lyon Valmy,supermarket
4.7964549,45.7566175003786,Pharmacie du Point du Jour,pharmacy
4.7970045,45.7565252003786,Paul,bakery
4.7823293,45.7539824003789,Le Palais d'Or,bakery
4.8298511,45.7982183003726,Pharmacie de l'Île Barbe,pharmacy
4.8280125,45.7567167003785,Biocoop,supermarket
4.8325996,45.767719100377,Carrefour City,supermarket
4.8503698,45.7423632003806,Ondo-Vernin,bakery
4.8497612,45.7710946003765,Auchan Supermarché Garibaldi Lyon,supermarket
4.8487175,45.7712460003765,Boulangerie Bost,bakery
4.8349223,45.7777429003756,Pharmacie de la Place Bertone,pharmacy
4.8646209,45.7401426003809,Boulangerie de Marius,bakery
4.870351,45.7433976003804,U Express Monplaisir Lumière,supermarket
4.858889,45.753720100379,Pharmacie de LYON,pharmacy
4.8663721,45.7635565003776,Lidl,supermarket
4.8421685,45.7553568003787,Maison Hénon,bakery
4.8295472,45.7549321003788,Boulangerie artisanale Saint-Marc,bakery
4.8293313,45.753514300379,Pharmacie Khalatbari,pharmacy
4.8294173,45.753245800379,Brioche Dorée,bakery
4.8294666,45.774876600376,Pharmacie du Marché,pharmacy
4.8321327,45.7753724003759,Pharmacie Lafayette de la Place,pharmacy
4.8315339,45.774734700376,Pharmacie de la croix rousse,pharmacy
4.7894681,45.7506697003794,,bakery
4.8328525,45.7638674003775,Biscotte,bakery
4.8329484,45.7644460003775,Boticinal Grande Pharmacie de Lyon Saint-Nizier,pharmacy
4.8292264,45.7692514003768,Boulangerie du Grand Lyon,bakery
4.828151,45.768019700377,Boulangerie Saint-Vincent,bakery
4.8277074,45.7658614003773,Boulangerie Chez Jules,bakery
4.8308103,45.767844600377,Antoinette Pain & Brioche,bakery
4.8309621,45.7680991003769,Boulangerie de La Martinière,bakery
4.8300126,45.7689154003768,Pharmacie Cueilleron,pharmacy
4.8282739,45.7662567003772,Grande Pharmacie Saint-Paul,pharmacy
4.8281538,45.7683178003769,Pharmacie Saint-Vincent,pharmacy
4.8464976,45.7526794003791,Biocoop,supermarket
4.8557598,45.7669922003771,Boulangerie Marcel,bakery
4.7922134,45.7588492003782,Pharmacie des Aqueducs,pharmacy
4.8433455,45.7648009003774,L&G,bakery
4.7975937,45.7564961003786,Maison Peyrache,bakery
4.805166,45.7683018003769,Pozzoli,bakery
4.8024325,45.7710361003765,Le Moment d'y Goûter,bakery
4.805539,45.7730781003762,L'Art et la Meunière,bakery
4.8332116,45.7768234003757,Pharmacie du Mail,pharmacy
4.8329769,45.7762309003758,Maison Jolivet Père & Filles,bakery
4.8332723,45.7771052003757,ô fournil des artistes,bakery
4.832197,45.7761364003758,Pharmacie des Lions,pharmacy
4.8260361,45.731806600382,Le Bistrot Boulanger,bakery
4.8426935,45.7559100003787,Pharmacie Jeantet,pharmacy
4.8424818,45.7552449003788,Pharmacie de la Guillotière,pharmacy
4.8432173,45.7561439003786,U Express,supermarket
4.8266996,45.7741738003761,Pharmacie Moreau,pharmacy
4.8301515,45.7740036003761,Fournil du Boulevard,bakery
4.8313051,45.7753731003759,Maison Manzoni,bakery
4.8404508,45.7518930003792,Boulangerie du 29,bakery
4.8328938,45.774734100376,Pharmacie Du Gros Caillou,pharmacy
4.8067302,45.7814022003751,Le bistro boulanger,bakery
4.8427227,45.7548848003788,Supercasino,supermarket
4.8470185,45.7547381003788,La Miche Au Vieux Four,bakery
4.8421815,45.7547652003788,Croq'Pain,bakery
4.8479802,45.7479524003798,Le Moulin Gourmand,bakery
4.8052148,45.7810504003751,Febre,bakery
4.8082444,45.7835532003747,Mestizo,bakery
4.807095,45.7793991003753,Aux Péchés de JPP,bakery
4.8052419,45.7790903003754,Benoit,bakery
4.8286798,45.7524417003791,Les Fournils de France,bakery
4.8375092,45.7476689003798,Boulangerie des Écoles,bakery
4.8371967,45.74657120038,Fournil'In,bakery
4.8547634,45.7668965003771,Boinon,bakery
4.8446112,45.7503193003794,Franprix,supermarket
4.8558654,45.7569441003785,Carrefour City,supermarket
4.8463575,45.7580594003784,Le Moncey,bakery
4.8303424,45.7982809003726,Jocteur,bakery
4.8259719,45.8005471003723,6 céréales gourmandes,bakery
4.8324502,45.7649011003774,Poirier Et Frères,bakery
4.8642416,45.7638287003775,U Express,supermarket
4.8456316,45.7551396003788,Biba,supermarket
4.8439542,45.7555151003787,El Ghoul,bakery
4.7837788,45.7564941003786,Fournil'in,bakery
4.8606857,45.7701955003766,La Miette de Pain,bakery
4.8263701,45.7594761003782,Pharmacie du Vieux-Lyon,pharmacy
4.7833682,45.7564920003786,Le Panier Bio,supermarket
4.7855842,45.7570427003785,Pharmacie de Ménival,pharmacy
4.8450205,45.7544449003789,Boulangerie Gambetta,bakery
4.8459774,45.7543981003789,La Rose de Tunis,bakery
4.8477585,45.7538499003789,Pascal et Sylvie Delbecque,bakery
4.848995,45.7527280003791,Intermarché Express,supermarket
4.8524738,45.7521580003792,La Garibaldine,bakery
4.8358002,45.7702393003766,Auchan Click & collect,supermarket
4.8655574,45.7451674003802,Carrefour Market Lyon Frères Lumière,supermarket
4.8268966,45.7597987003781,Perroudon,bakery
4.8359766,45.7573210003784,Pharmacie Bel,pharmacy
4.8395511,45.7540960003789,Boulangerie Masa Madre,bakery
4.8509113,45.7680736003769,Mimi Bakery,bakery
4.8771857,45.7443051003803,Le Pain Boulanger,bakery
4.8115972,45.7739981003761,Aux Sucreries du la Pain Chaud,bakery
4.8670688,45.7449990003802,Pharmacie des Frères Lumière,pharmacy
4.8693738,45.7442047003803,Grande Pharmacie de Monplaisir,pharmacy
4.8727629,45.7437059003804,Pharmacie de l'Institut,pharmacy
4.7917793,45.7655666003773,Superette Les Deux Amants,supermarket
4.7906353,45.7651783003773,Maison Bouchard,bakery
4.867758,45.7367311003813,ALDI,supermarket
4.8693568,45.7366867003813,Pharmacie Marsot et Sigaud,pharmacy
4.8307224,45.7557398003787,Pharmacie Victor Hugo,pharmacy
4.8276961,45.7624720003777,Boulangerie du Palais,bakery
4.8359074,45.7600922003781,Pharmacie Hôtel Dieu,pharmacy
4.8260266,45.7539055003789,La Boulangerie d'Ainay,bakery
4.8314862,45.7525433003791,Les Délices de Charlie,bakery
4.8314002,45.7527088003791,La Vie Claire,supermarket
4.8820856,45.7326885003819,Casino Supermarché Lyon Mermoz,supermarket
4.8502807,45.7618323003778,Maison Delorme,bakery
4.8410187,45.7579310003784,Pharmacie du Village,pharmacy
4.8458914,45.7524329003792,Naturalia,supermarket
4.8456856,45.7520208003792,Pharmacie de l'Aigle,pharmacy
4.8750099,45.7347963003816,Carrefour City,supermarket
4.8742422,45.7397077003809,Maryse Bastié,bakery
4.8036375,45.7792124003754,Pharmacie de la Place de Paris,pharmacy
4.8286534,45.7520219003792,Pharmacie Jean-Pierre Foraz,pharmacy
4.8293928,45.7514186003793,Pharmacie Perrache Carnot,pharmacy
4.8521851,45.7528989003791,Reymond,bakery
4.8649798,45.7478541003798,U Express,supermarket
4.8508391,45.7425482003805,Boulangerie Balbali,bakery
4.8420031,45.7471777003799,Tentation Gourmande,bakery
4.8467158,45.7530210003791,Carrefour City,supermarket
4.8441889,45.7547275003788,Patisserie Pépin,bakery
4.8498929,45.753434400379,,bakery
4.8574817,45.7698191003767,Hello Pharmacie des Brotteaux,pharmacy
4.8557139,45.7600968003781,Carrefour Lyon Part-Dieu,supermarket
4.8505178,45.7692398003768,Pharmacie Vitton,pharmacy
4.8549932,45.7698188003767,Pharmacie du 6ème,pharmacy
4.8622369,45.7410289003808,Pharmacie du 8ème,pharmacy
4.8852755,45.7304486003822,Pharmacie Jean Mermoz,pharmacy
4.8566375,45.7668935003771,Pharmacie des Brotteaux,pharmacy
4.8547282,45.7689701003768,Pharmacie de Sèze,pharmacy
4.8338623,45.7634214003776,Pharmacie Lafayette Florit,pharmacy
4.8332721,45.7595650003782,Pharmacie des Archers,pharmacy
4.8340461,45.7589560003782,Pharmacie Reboul,pharmacy
4.8279687,45.7565078003786,Pharmacie de la Passerelle,pharmacy
4.8069345,45.7740825003761,Naan Boulangerie Patisserie,bakery
4.8069249,45.774644900376,Pharmacie Normale de Vaise,pharmacy
4.8648775,45.7499414003795,Pharmacie du Dauphin,pharmacy
4.8551626,45.7482158003797,Pharmacie Lestaevel,pharmacy
4.8480727,45.7486748003797,Pharmacie de la Madeleine,pharmacy
4.8457106,45.7499574003795,Philippe Prudent,bakery
4.8477193,45.7493211003796,Maison Hénon,bakery
4.8447621,45.7476860003798,Casino,supermarket
4.8810771,45.7482050003797,Pharmacie Ternamian,pharmacy
4.8844527,45.7496105003795,Pharmacie du Cours,pharmacy
4.8467851,45.7601629003781,Biocoop,supermarket
4.8463519,45.7559493003786,Un Moment Gourmand,bakery
4.839555,45.7485819003797,Pharmacie Nesme,pharmacy
4.8365344,45.7620952003778,Boulangerie Les frangins,bakery
4.7980599,45.7565422003786,Grande Pharmacie de l'Ouest Lyonnais,pharmacy
4.8649046,45.732375400382,Pharmacie Couderc,pharmacy
4.8641695,45.7333242003818,Pharmacie des États-Unis,pharmacy
4.852954,45.7292776003824,Pharmacie du Moulin à Vent,pharmacy
4.8663509,45.7287055003825,Pharmacie du Marché des États-Unis,pharmacy
4.8561282,45.7691468003768,Malatier,bakery
4.8569213,45.7653800003773,Banette,bakery
4.8302729,45.7530100003791,Chatelon,pharmacy
4.8567316,45.7621602003778,Grande Pharmacie de la Part Dieu,pharmacy
4.7951741,45.7855033003745,Épicerie du Monde - EDM Market,supermarket
4.8026706,45.7681823003769,Pharmacie Gorge de Loup,pharmacy
4.8305554,45.7665948003771,Pharmacie de la Tour,pharmacy
4.832882,45.767739600377,Pharmacie des Terreaux,pharmacy
4.8327864,45.7555176003787,Pharmacie de la Grande poste,pharmacy
4.8297116,45.7523478003792,Pharmacie Limonne,pharmacy
4.8279346,45.7526749003791,Pharmacie Franklin,pharmacy
4.8332351,45.7621000003778,Pharmacie du Centre,pharmacy
4.8176878,45.7405880003808,Carrefour,supermarket
4.8434425,45.7469270003799,Maison Margotin,bakery
4.8521908,45.7693375003767,Grande Pharmacie du Parc,pharmacy
4.8611086,45.7704451003766,Pharmacie Anton & Willem,pharmacy
4.8404403,45.7522738003792,Carrefour City,supermarket
4.8299738,45.7389201003811,Fournil des Girondins,bakery
4.8472735,45.7539513003789,Les 3 Brioches,bakery
4.8362055,45.7669467003771,Pharmacie de l'Opéra,pharmacy
4.8331261,45.7713466003765,Pharmacie de la Colline,pharmacy
4.8455461,45.7637316003776,Pharmacie Dahan,pharmacy
4.842785,45.7637075003775,Pharmacie du Rhône,pharmacy
4.8440002,45.7484381003797,Le Framboisier,bakery
4.8680576,45.7367070003814,,bakery
4.8571656,45.7619158003778,Monoprix,supermarket
4.84552,45.7559567003787,O' Délices Orientaux,bakery
4.8264711,45.7490568003796,Grande Pharmacie de Perrache,pharmacy
4.8269926,45.7796741003753,Boulangerie Berger,bakery
4.8578506,45.7637854003775,Le Fournil de l'Artisan,bakery
4.8301203,45.7310447003821,Boulangerie Achard,bakery
4.867613,45.7373930003813,Casino,supermarket
4.8717841,45.7456159003801,Pharmacie Grange-Blanche,pharmacy
4.8181787,45.7793245003753,Banette,bakery
4.8201862,45.7776541003756,Belle Époque,bakery
4.8331471,45.7659056003772,Super U,supermarket
4.8413131,45.7479177003798,Artisan Boulangerie Pâtisserie BROD,bakery
4.8411717,45.7482302003797,Vel Market,supermarket
4.8134784,45.7580587003783,Pharmacie de Trion,pharmacy
4.8455753,45.7690710003768,Pharmacie Le Niger Duittoz,pharmacy
4.8475423,45.7688882003768,Pharmacie Leclerc Le Goffic,pharmacy
4.8535238,45.7299258003823,La Pharmacie d'Anne Salort,pharmacy
4.8004772,45.788920700374,Pharmacie Balmont,pharmacy
4.8242731,45.74637150038,Pharmacie Charlemagne,pharmacy
4.8470799,45.7727034003763,Pharmacie Duquesne,pharmacy
4.8051857,45.7756982003758,Pharmacie Kauffmann Perrin,pharmacy
4.8321253,45.7777504003756,Pharmacie Keller,pharmacy
4.8283709,45.7643102003775,Pharmacie du Change,pharmacy
4.820748,45.7785889003754,Pharmacie Moncozet Clément,pharmacy
4.8220975,45.7445045003803,Pharmacie Sainte-Blandine,pharmacy
4.8528777,45.7369654003813,Pharmacie Triolaire,pharmacy
4.8322228,45.7796009003753,Pharmacie de l'Ambre,pharmacy
4.8326014,45.781578400375,Pharmacie de l'Ambre,pharmacy
4.850055,45.7667210003771,Pharmacie de l'Europe,pharmacy
4.8348286,45.7762420003758,Pharmacie de la Soie,pharmacy
4.868066,45.7638428003775,Pharmacie des Charmettes,pharmacy
4.8213454,45.7727790003763,Pharmacie du Clos Jouve,pharmacy
4.8318841,45.7667544003771,Au pain des traboules,bakery
4.8471116,45.7705936003766,Pharmacie Duguesclin,pharmacy
4.867229,45.7473595003799,,bakery
4.8816903,45.7358035003815,Au Pain d'Or,bakery
4.8239507,45.774461100376,Boulangerie Patisserie des Canuts,bakery
4.8242341,45.7739612003761,Patisserie - Roland,bakery
4.8463767,45.7558390003787,Carrefour City,supermarket
4.8228988,45.7737045003761,La Guignolette,bakery
4.8216831,45.7725246003763,Les Gourmandises du Clos Jouve,bakery
4.8273632,45.7756651003759,Courses U - Point Drive,supermarket
4.8341504,45.7314469003821,Naturalia Gerland,supermarket
4.8659788,45.7568855003785,Intermarché Express,supermarket
4.8673878,45.7566511003786,L'Epis Curien,bakery
4.8878166,45.7507053003794,Boulangerie Pâtisserie Maison Champeaud,bakery
4.845093,45.7733844003762,Maison Cartellier,bakery
4.8552631,45.7696820003767,Le Fournil de l'Opéra - Eric Kayzer,bakery
4.8752102,45.7477031003798,L'atelier des gourmets,bakery
4.8626172,45.7271443003827,Maison Mathieu,bakery
4.8593175,45.731970300382,,bakery
4.8058216,45.767423300377,Pharmacie du Cap de Vaise,pharmacy
4.8083639,45.7734910003762,Pharmacie Saint-Pierre-de-Vaise,pharmacy
4.8017095,45.7756828003758,Pharmacie Marietton,pharmacy
4.8732285,45.7353732003815,Franprix,supermarket
4.8323375,45.7373188003813,Boulangerie Petricca,bakery
4.7908181,45.7594023003782,Fleur de Pain,bakery
4.8322704,45.7689349003768,Maison Jacquard,bakery
4.8337829,45.7568602003785,monop' Lyon Bellecour,supermarket
4.8285447,45.7518452003792,L'eau Vive,supermarket
4.8003468,45.7761671003758,Intermarché,supermarket
4.8346813,45.7597036003781,Casino,supermarket
4.8406499,45.7785911003754,Un Petit Tour à la Ferme,bakery
4.8686586,45.7531561003791,Pharmacie Lacassagne,pharmacy
4.8676658,45.7547848003788,Pharmacie de l'Isle,pharmacy
4.876031,45.7555791003787,Pharmacie des Maisons Neuves,pharmacy
4.8653981,45.7568007003785,Pharmacie Sainte-Anne,pharmacy
4.8676324,45.7592043003782,Pharmacie Lacroix,pharmacy
4.8526822,45.7637649003776,Pharmacie Tête d'Or,pharmacy
4.8490476,45.7632420003776,Pharmacie des Halles,pharmacy
4.8566797,45.7569526003785,Pharmacie de la Rize,pharmacy
4.8492656,45.7569645003785,Pharmacie Voltaire,pharmacy
4.8472268,45.7563946003786,Pharmacie Vendôme,pharmacy
4.8460388,45.7561011003786,Pharmacie Tarak,pharmacy
4.846151,45.7568822003785,Grande Pharmacie de Saxe,pharmacy
4.8453274,45.760769200378,Pharmacie de la Préfecture,pharmacy
4.8468798,45.7596325003781,Pharmacie Place Guichard,pharmacy
4.8497706,45.7610540003779,Pharmacie Masselot,pharmacy
4.8878475,45.7504917003794,Pharmacie des Charmilles,pharmacy
4.8912556,45.753227000379,Pharmacie de la Place Ronde,pharmacy
4.8897505,45.753572500379,Grande Pharmacie de Montchat,pharmacy
4.8575176,45.7553268003787,L'Artisan,bakery
4.8125681,45.7585203003783,,bakery
4.8326335,45.7799834003752,Carrefour City,supermarket
4.8192993,45.7560411003786,Le Boulanger de Saint-Just,bakery
4.8310335,45.767359000377,Biocoop,supermarket
4.8645981,45.7662711003772,Belle Époque,bakery
4.8322115,45.7651020003774,Orexis Bio,supermarket
4.8668437,45.7448492003802,Biocoop,supermarket
4.8449661,45.7625910003777,Daniel Boinon,bakery
4.8116068,45.7864998003743,Le pain boulanger,bakery
4.8321681,45.7731566003762,bonomia,bakery
4.8526371,45.7695964003767,Naturalia Vitton,supermarket
4.8365503,45.7627972003777,Naturalia Lyon Grolée,supermarket
4.8316695,45.7614924003779,Naturalia Celestins,supermarket
4.8323576,45.7789256003754,L'Eau Vive,supermarket
4.8498692,45.7691119003768,L'eau Vive,supermarket
4.8498226,45.7706567003766,Bio C' Bon,supermarket
4.8360876,45.7650821003774,,supermarket
4.8320129,45.7661458003772,Marché Presqu'île,supermarket
4.8360627,45.7698698003767,o tão bom,bakery
4.8296616,45.753643100379,Chez Jules,bakery
4.8177809,45.7437677003804,Pharmacie Lyon Confluence,pharmacy
4.8642983,45.7568922003785,Boulangerie Fetishi,bakery
4.8558972,45.753346500379,L'Atelier du Pain,bakery
4.8335813,45.7749549003759,Biocoop,supermarket
4.8568502,45.7693906003767,monop' Lyon les Halles,supermarket
4.8837671,45.7240130003831,La Miecyclette,bakery
4.8364032,45.7653965003773,A2Pas Auchan,supermarket
4.8397351,45.7351458003816,,bakery
4.8395253,45.7339708003817,Boulangerie Sinatra,bakery
4.8482552,45.7441819003803,Intermarché,supermarket
4.8446429,45.7548549003788,Pharmacie des Facultés,pharmacy
4.8504911,45.7528463003791,Pharmacie Aristide Briand,pharmacy
4.8532676,45.7528077003791,Pharmacie Felix Faure,pharmacy
4.8642919,45.7636148003776,Pharmacie Lafayette,pharmacy
4.8782713,45.7272027003827,Grande pharmacie de la Plaine,pharmacy
4.8764372,45.7294201003824,Pharmacie Paul Santy,pharmacy
4.8834392,45.7359421003815,Pharmacie Ambroise Paré,pharmacy
4.8328957,45.7660157003772,Pharmacie du Serpent,pharmacy
4.8335273,45.781446500375,Franprix,supermarket
4.8640309,45.7458588003801,Day by day,supermarket
4.8641211,45.7458395003801,Boulangerie Delorme,bakery
4.8593924,45.7403198003809,Pharmacie Hacker,pharmacy
4.862227,45.7375981003812,Pharmacie du Peintre Villon,pharmacy
4.8784405,45.7384319003811,Pharmacie Dumas-Tachet,pharmacy
4.8641044,45.7638234003775,Les délices de Charlie,bakery
4.8471588,45.7541103003789,,supermarket
4.8362157,45.7457553003801,Boulang' Pâtiss',bakery
4.834574,45.7581663003783,Brioche Dorée,bakery
4.8421476,45.7489435003797,Auchan Supermarché City Lyon Université,supermarket
4.854077,45.753123900379,Maison Amiar,bakery
4.8854483,45.7501749003794,Carrefour City,supermarket
4.8653421,45.7452626003802,Paul,bakery
4.8806847,45.7479004003798,Au fournil de Montchat,bakery
4.8266079,45.7348932003816,Pharmacie du 7ème,pharmacy
4.8287133,45.7306851003822,Pharmacie des Pavillons,pharmacy
4.8293716,45.7359289003815,Pharmacie Bouvier,pharmacy
4.8292277,45.7299557003823,Victor & Compagnie,bakery
4.835767,45.7345985003817,Maison Hénon,bakery
4.827522,45.7750586003759,Paume de Pain,bakery
4.8425928,45.7594379003782,La Boulangerie Rouge,bakery
4.842192,45.7594508003782,Boulangerie de la Liberté,bakery
4.8478969,45.7598056003781,L'atelier gourmand,bakery
4.834741,45.7620689003778,Maison Pozzoli Presqu’île,bakery
4.8491831,45.7596072003781,Augustin,bakery
4.8411722,45.7598092003781,Au Pain Naturel,bakery
4.8225282,45.7443830003803,Serve,bakery
4.8362267,45.7684751003769,Boulangerie Eric Kayser Le Fournil de l'Opéra,bakery
4.8122739,45.7549712003788,Fetishi et Gourru,bakery
4.8273039,45.7528407003791,Spar,supermarket
4.8662238,45.7594077003782,,bakery
4.8089816,45.7840965003746,Casino,supermarket
4.8465007,45.7618290003778,U Express,supermarket
4.8525981,45.7690089003768,Au Pain Naturel,bakery
4.8477256,45.7567009003785,Boulangerie l'Édison,bakery
4.8494195,45.7569536003785,Le Pain Ta Gone,bakery
4.8445477,45.7567409003785,Bahadourian,supermarket
4.8449011,45.7566025003786,Boulangerie Pâtisserie de la Place,bakery
4.8276506,45.7662075003772,Boulangerie Saint-Paul,bakery
4.8493102,45.7693390003768,Pharmacie Kléber,pharmacy
4.8302818,45.7520363003792,Au Vieux Pétrin,bakery
4.8440326,45.7670577003771,Grande Pharmacie Lyon Saxe,pharmacy
4.8847583,45.7410805003807,Pharmacie Labbe-Dutilleul,pharmacy
4.8710782,45.7303124003822,Pharmacie Pérard,pharmacy
4.869595,45.7358060003815,Maison Clerc et Banette,bakery
4.8356863,45.7343606003817,Pharmacie Bonglet-Djian,pharmacy
4.832955,45.7298151003823,Pharmacie Centrale de Gerland,pharmacy
4.8566897,45.753205000379,L'Eau Vive,supermarket
4.805268,45.7715286003764,Maison Deschamps,bakery
4.8524554,45.7695777003767,Tixier Artisan,bakery
4.8205741,45.7428650003805,Lidl,supermarket
4.8716775,45.7436922003804,,supermarket
4.8252144,45.8004564003723,Casino du Plateau,supermarket
4.8257525,45.8005686003723,Pharmacie de Saint-Rambert,pharmacy
4.8206865,45.7421180003806,La Vie Claire,supermarket
4.8443353,45.7689627003768,La Corne,bakery
4.8081135,45.7740912003761,,supermarket
4.850764,45.7694259003767,La Vie Claire,supermarket
4.8324398,45.7551230003788,Goethe Loft,educational_institution
4.8646038,45.7454697003801,Bio C' Bon,supermarket
4.8350638,45.7575767003784,Eric Kayser Lyon Bellecour,bakery
4.8203857,45.7457494003801,Les 3V,bakery
4.8388102,45.7499387003795,U Express Lyon Université,supermarket
4.8037413,45.7756018003759,Biocoop,supermarket
4.8540756,45.7565794003786,Indian Tamoul Khaday,supermarket
4.8324893,45.7775504003756,Partisan Boulanger,bakery
4.8512177,45.7499076003795,La Vie Claire,supermarket
4.8832497,45.7542322003789,Le Pavé de Pain,bakery
4.8361901,45.7374909003812,Auchan Supermarché,supermarket
4.8472633,45.7634767003776,Au pain de mon grand-père,bakery
4.8444563,45.7634655003776,Boulangerie Lafayette,bakery
4.8435682,45.7634514003776,,supermarket
4.8432829,45.7705395003766,Pharmacie Foch,pharmacy
4.8450166,45.7751711003759,Phamacie de la Roseraie,pharmacy
4.8475414,45.7489934003796,U Express Lyon Saint-Louis,supermarket
4.8311663,45.774594800376,L'atelier du boulanger,bakery
4.8330531,45.7300231003823,Vival by Casino,supermarket
4.8389425,45.7488512003796,La Maie du 26,bakery
4.8565651,45.7577227003784,Campaillette,bakery
4.8432744,45.7659900003772,Instants Gourmands,bakery
4.8581132,45.7641615003775,Biocoop Brotteaux,supermarket
4.8457057,45.7513261003793,Boulangerie des 5 sens,bakery
4.8397412,45.7500163003795,Leaf Market,supermarket
4.8681947,45.7291820003824,Auchan Supermarché,supermarket
4.8333657,45.7642568003775,Paul,bakery
4.8360179,45.7357673003815,La Baguette Dorée,bakery
4.7898434,45.7890752003739,Pharmacie de la Sauvegarde,pharmacy
4.8334072,45.7370202003813,Pharmacie des Girondins Lyon,pharmacy
4.8225242,45.7450265003802,Patisserie Pépin,bakery
4.8013064,45.7757315003759,Rize,supermarket
4.8862719,45.7502008003795,Othmani,bakery
4.8342344,45.7664184003772,Monoprix Lyon Grand Bazar,supermarket
4.8063303,45.774769000376,Le 9e Pain,bakery
4.8334103,45.7582168003783,Biocoop,supermarket
4.8467577,45.7712266003765,Michel le Boulanger,bakery
4.8562937,45.7695030003767,Tonic Santé,medical_supply
4.8563272,45.7693372003768,Monop',supermarket
4.8300044,45.7291883003824,Demain Supermarché,supermarket
4.8672919,45.7388081003811,Raphael handi assistance,medical_supply
4.8442838,45.7694374003768,Au Fournil du 6ème,bakery
4.8293085,45.7530630003791,Paul,bakery
4.8308606,45.7555265003787,Brioche Dorée,bakery
4.8308456,45.760235600378,Pain des Célestins,bakery
4.8308357,45.7512222003793,U Express,supermarket
4.8305286,45.7511183003793,Maison Mure,bakery
4.8303788,45.7508265003794,El Monumental,supermarket
4.8278986,45.7518263003792,Maison Pochat,bakery
4.8540249,45.7299609003823,,bakery
4.8817178,45.7326625003819,Pharmacie de la Licorne,pharmacy
4.8283968,45.7570784003785,Tendance Boulange,bakery
4.8739828,45.7502584003794,Nathalie et Philippe Valero,bakery
4.8268634,45.7551116003788,L'artisan Boulanger de Vaubecour,bakery
4.8282561,45.7525726003791,Pauline et Steve,bakery
4.8600977,45.7404009003808,Intermarché Express,supermarket
4.8598228,45.7397275003809,Le Pain du 8ème,bakery
4.843995,45.7693985003767,L&G,bakery
4.8040742,45.7753563003759,Boinon,bakery
4.8649629,45.7372161003813,Croix rouge,supermarket
4.8580499,45.7570171003785,Dorodi,bakery
4.8324021,45.7610944003779,Le pain des jacobins,bakery
4.8334984,45.7661227003772,Pomponnette Boulangerie,bakery
4.8877144,45.753785900379,Le Moulin Gourmand,bakery
4.8534232,45.7358364003815,Intermarché Express Lyon,supermarket
4.8530576,45.7353340003816,Pain de Gotai,bakery
4.8464875,45.767372300377,Maison B,bakery
4.8541778,45.7702256003766,Monsieur Thierry Lupezza,bakery
4.8205482,45.7419193003806,Boulangerie Henri B.,bakery
4.847508,45.7697532003767,La Galerie des Pains,bakery
4.8271374,45.7551105003788,La Maison Tixier,bakery
4.8254965,45.7581338003783,Pâtisserie Corret,bakery
4.8661045,45.7583394003783,Axeo Médical - Parapharm 69,medical_supply
4.8451987,45.7665295003772,Graines ou Campagne,bakery
4.8536042,45.7291811003824,Le moulin et le boulanger,bakery
4.8522471,45.7377321003812,Epicentre,supermarket
4.8665358,45.7449285003802,Max Poilâne,bakery
4.8419486,45.7490769003796,La Vie Claire Lyon Université,supermarket
4.826623,45.7458830003801,Bar à Pains,bakery
4.8659162,45.7285722003825,Maison Achard,bakery
4.8172763,45.7426111003805,Estelle et Christophe Basset,bakery
4.815335,45.7907844003737,Pharmacie des Docks,pharmacy
4.8699531,45.7443009003803,La Vie Claire,supermarket
4.8576625,45.753327700379,La maison des Pains,bakery
4.8105935,45.7769185003757,Baguepi Artisan Boulanger,bakery
4.8483451,45.7640505003775,Festival des pains,bakery
4.826404,45.7540711003789,Centre d'Échange Internationaux,educational_institution
4.8425705,45.7697780003767,Culinaries l'épicerie,supermarket
4.8243829,45.7684522003769,Le Laboratoire,educational_institution
4.8339327,45.7642909003775,L'Atelier des Chefs Lyon,educational_institution
4.8726827,45.7597394003781,Le Petit Brivadois,bakery
4.7953647,45.7866104003743,Grande pharmacie du Plateau,pharmacy
4.8490578,45.7448767003802,L'art et la baguette,bakery
4.8451102,45.7637983003775,Vival,supermarket
4.8502962,45.7424002003806,Boucherie Berthelot,bakery
4.8450821,45.7529149003791,L'Atelier des Traditions,bakery
4.8528129,45.7353340003816,Pharmacie Lyon Grand Trou,pharmacy
4.8262068,45.7719681003764,Pharmacie Moulines,pharmacy
4.8259815,45.7719681003764,Le Boulanger des Chartreux,bakery
4.8305957,45.7587868003783,Pharmacie Bellecour,pharmacy
4.8358756,45.7573482003784,Vival,supermarket
4.8425883,45.7636651003776,Boulangerie M. David,bakery
4.8459883,45.7596715003781,O2 Care Services,medical_supply
4.8534732,45.7697307003767,Voie Verte,supermarket
4.8345342,45.7443984003803,RAY Formation,educational_institution
4.8055607,45.7783887003755,Fournil Vesia,bakery
4.8204043,45.7454531003801,Lola en vrac,supermarket
4.8486831,45.753173200379,Pharmacie de l'Abondance,pharmacy
4.8547601,45.7635556003776,Marché d'Asie Lafayette,supermarket
4.8360079,45.7633263003776,Monoprix,supermarket
4.8495016,45.7693515003768,Maison Machado,bakery
4.8206864,45.7666736003771,Maison Pochat,bakery
4.8406248,45.7525326003791,Supermarché International,supermarket
4.8157944,45.7415834003807,Normal,supermarket
4.8736492,45.7352258003816,L'atelier,bakery
4.8573451,45.7662413003772,Safety First Formation,educational_institution
4.8834462,45.7542214003789,F Transport,educational_institution
4.8232943,45.7459212003801,Biocoop,supermarket
4.8359614,45.7695884003767,Pharmacie Croix-Paquet,pharmacy
4.8440962,45.7571417003785,Dar-Essalam,supermarket
4.8613508,45.7530816003791,Bredz,bakery
4.8698847,45.7434866003804,Harmonie Médical Service,medical_supply
4.8449037,45.7444035003803,MédiAlpes,medical_supply
4.8463318,45.7439481003803,Saveurs du Blé,bakery
4.8342886,45.7474972003798,Vival,supermarket
4.84712,45.7564036003786,U Express,supermarket
4.795479,45.7854608003745,Lidl,supermarket
4.7949801,45.7867411003743,Auchan Supermarché La Duchère,supermarket
4.8248313,45.7470426003799,Boulangerie M. et Mme. Torres,bakery
4.8248987,45.7471115003799,Grande Pharmacie des Voutes,pharmacy
4.812109,45.7579644003784,Maison Henri Gay,bakery
4.8676152,45.7590748003782,,supermarket
4.845803,45.760547200378,Gourmandise et Tradition,bakery
4.8442844,45.7658078003773,Auchan Drive,supermarket
4.8775747,45.7426994003805,Pharmacie de la Sirène,pharmacy
4.8591324,45.7406613003808,Les Comptoirs De La Bio,supermarket
4.8415868,45.7459364003801,Boulangerie Station Jean,bakery
4.8650507,45.7331294003818,Le Boulanger du village,bakery
4.8412994,45.7497428003795,Pharmacie du Prado,pharmacy
4.8355482,45.7311456003821,Carrefour City,supermarket
4.8367913,45.7584056003783,Pozzoli,bakery
4.8908575,45.753474400379,Boulangerie Jacquier,bakery
4.8319318,45.7753548003759,Biscotte,bakery
4.8349115,45.7778379003755,Auchan Drive,supermarket
4.8876596,45.7539532003789,Autonomie & Santé,medical_supply
4.8081296,45.7739381003761,REN Formation,educational_institution
4.8062711,45.774946500376,Passage Parentalité,educational_institution
4.7985371,45.7565865003786,Boulangerie Henri Gay,bakery
4.8011471,45.788654100374,Le Fournil de Balmont,bakery
4.8294895,45.7530970003791,U Express,supermarket
4.8067751,45.7743255003761,OAFormation,educational_institution
4.8402707,45.7421095003806,,supermarket
4.8204972,45.7403493003808,,supermarket
4.8523399,45.7635270003776,Boulangerie des 5 sens,bakery
4.83118,45.7311930003821,Casino,supermarket
4.8389117,45.7481417003797,Biocoop,supermarket
4.8533207,45.7513353003793,Pharmacie Gambetta,pharmacy
4.8699252,45.7636423003776,,bakery
4.8380569,45.7370282003813,Pharmacie Bange,pharmacy
4.8664289,45.7544185003789,Auchan - Click & Collect Piéton,supermarket
4.8566955,45.7637702003775,Pharmacie Mathey-François,pharmacy
4.839532,45.7512150003793,Lidl,supermarket
4.8663769,45.7372651003813,Intermarché Express,supermarket
4.865014,45.7502514003795,Boulangerie Nathalie & Marcel Bas,bakery
4.8029782,45.7757530003759,Au Petit Marietton,bakery
4.8674124,45.7547580003788,L'isle aux Pains,bakery
4.8679213,45.753512200379,Carrefour City,supermarket
4.8663054,45.7397924003809,Lidl,supermarket
4.8368587,45.7372059003813,Chez Jules,bakery
4.843084,45.7525095003791,BABA la boulangerie,bakery
4.8155087,45.7909365003737,Black Lotus,bakery
4.8443823,45.7653656003773,Biocoop,supermarket
4.8750371,45.7566136003786,Super U,supermarket
4.8010553,45.7757639003758,L'Excellence Marietton,bakery
4.8507511,45.7426880003805,Pharmacie du progrès,pharmacy
4.8376472,45.74672150038,Pharmacie du Midi,pharmacy
4.8557839,45.7507107003794,Casino,supermarket
4.8346466,45.7473802003799,Pharmacie de l'Université,pharmacy
4.8371171,45.7468885003799,Pharmacie Berthelot,pharmacy
4.8453321,45.7501707003795,Boulangerie Mado,bakery
4.8645399,45.7328475003819,,bakery
4.7823266,45.7541139003789,Pharmacie des Battières,pharmacy
4.8356229,45.7635534003776,Grande Pharmacie Lyonnaise,pharmacy
4.8517549,45.7633935003776,Monoprix,supermarket
4.8014161,45.767926000377,,bakery
4.8235316,45.74617540038,Panéterra,bakery
4.8713767,45.7610170003779,HyperCacher,supermarket
4.8269676,45.774595400376,Le Banquet,bakery
4.8577454,45.753671900379,Auchan Supermarché Lyon Félix Faure,supermarket
4.8646436,45.7479735003798,Pic & Mie,bakery
4.7948361,45.7862546003744,Naan,bakery
4.8662113,45.7630346003777,LIDL,supermarket
4.8337335,45.7578728003784,La Mie Câline,bakery
4.82834128383433,45.7792229716282,Intermarché Express,supermarket
4.85643987373561,45.7620510132147,L'Atelier de l'Emploi,educational_institution
4.85645789245308,45.7617337898809,Brioche Dorée,bakery
4.79560458741951,45.7745096383536,E. Leclerc drive,supermarket
4.79165828178585,45.7655667869492,,supermarket
4.81266553345841,45.7678668012426,École Chevalier Bayard,educational_institution
4.80360391288375,45.7621179749995,Centre commercial E. Leclerc,supermarket
4.79699653633888,45.7627544102887,Auchan Supermarché,supermarket
4.79774024308463,45.762689363963,Pharmacie de Champvert,pharmacy
4.79794348137751,45.7626778899625,Boulangerie de Champvert,bakery
4.83000785357675,45.7762656654118,Monoprix,supermarket
4.82884205095171,45.7365116130078,Super U,supermarket
4.85952040850854,45.7607934859156,Paul,bakery
4.86093430735922,45.7606730981609,Paul,bakery
4.84445165512168,45.7280390033278,,bakery
4.83987124616591,45.7361770555883,Le Palais gourmand,bakery
4.8379635696825,45.7462672155655,Le Fournil des Traditions,bakery
4.83712451948708,45.7482952696097,Rectorat de l'académie de Lyon,educational_institution
4.88058539048635,45.7331117332868,Ronde des Pains,bakery
4.85053443988799,45.7625105229212,Maison Victoire,bakery
4.85076895000362,45.7630246003868,Le pain du Gone,bakery
4.85039037406944,45.7631549476528,Le Boulanger de l'Île Barbe,bakery
4.82126779829163,45.7422718083883,Poilane,bakery
4.833453,45.731075,Debourg,arret_tram_T1
4.828896,45.731417,ENS Lyon,arret_tram_T1
4.823099,45.731736,Halle Tony Garnier,arret_tram_T1
4.818668,45.733698,Musée des Confluences,arret_tram_T1
4.819023,45.740604,Hôtel de Région – Montrochet,arret_tram_T1
4.822116,45.744213,Sainte-Blandine,arret_tram_T1
4.824597,45.747144,Place des Archives,arret_tram_T1
4.826965,45.749554,Perrache,arret_tram_T1
4.835261,45.749655,Quai Claude-Bernard,arret_tram_T1
4.838989,45.751153,Rue de l’Université,arret_tram_T1
4.840998,45.752901,Saint-André,arret_tram_T1
4.842916,45.755306,Guillotière – Gabriel-Péri,arret_tram_T1
4.842474,45.75888,Liberté,arret_tram_T1
4.845212,45.760123,Saxe – Préfecture,arret_tram_T1
4.848431,45.76034,Palais de Justice – Maire du 3<sup>e</sup>,arret_tram_T1
4.853801,45.760708,Part-Dieu – Auditorium,arret_tram_T1
4.857851,45.761721,Gare Part-Dieu – Vivier-Merle,arret_tram_T1
4.86203,45.764314,Thiers – Lafayette,arret_tram_T1
4.86192,45.76666,Collège Bellecombe,arret_tram_T1
4.863397,45.770453,Charpennes – Charles-Hernu,arret_tram_T1
4.864049,45.774084,Le Tonkin,arret_tram_T1
4.866919,45.77794,Condorcet,arret_tram_T1
4.866297,45.780873,Université Lyon 1,arret_tram_T1
4.872096,45.781522,La Doua – Gaston-Berger,arret_tram_T1
4.877629,45.78245,INSA – Einstein,arret_tram_T1
4.883165,45.783686,Croix Luizet,arret_tram_T1
4.881932,45.786877,IUT – Feyssine,arret_tram_T1
4.819023,45.740604,Hôtel de Région – Montrochet,arret_tram_T2
4.822116,45.744213,Sainte-Blandine,arret_tram_T2
4.824597,45.747144,Place des Archives,arret_tram_T2
4.826965,45.749554,Perrache,arret_tram_T2
4.836302,45.747056,Centre Berthelot – Sciences Po Lyon,arret_tram_T2
4.84253,45.746376,Jean-Macé,arret_tram_T2
4.846905,45.743679,Garibaldi – Berthelot,arret_tram_T2
4.851668,45.742142,Route de Vienne,arret_tram_T2
4.858749,45.739885,Jet d’Eau – Mendès-France,arret_tram_T2
4.863314,45.738423,Villon,arret_tram_T2
4.868215,45.736845,Bachut – Mairie du 8<sup>e</sup>,arret_tram_T2
4.874499,45.740199,Jean-XXIII – Maryse-Bastié,arret_tram_T2
4.878842,45.742938,Grange Blanche,arret_tram_T2
4.883927,45.741523,Ambroise-Paré,arret_tram_T2
4.893205,45.738853,Desgenettes,arret_tram_T2
4.89814,45.737228,Essarts – Iris,arret_tram_T2
4.904462,45.734931,Boutasse – Camille-Rousset,arret_tram_T2
4.909062,45.733411,Hôtel de Ville – Bron,arret_tram_T2
4.914727,45.731539,Les Alizés,arret_tram_T2
4.915666,45.727502,Rebufer,arret_tram_T2
4.915247,45.722095,Parilly – Université – Hippodrome,arret_tram_T2
4.918174,45.719625,Europe – Université,arret_tram_T2
4.925783,45.718392,Porte des Alpes,arret_tram_T2
4.931244,45.714381,Parc Technologique,arret_tram_T2
4.937586,45.708118,Hauts de Feuilly,arret_tram_T2
4.934916,45.703413,Salvador-Allende,arret_tram_T2
4.936104,45.699629,Alfred-de-Vigny,arret_tram_T2
4.936856,45.695061,Saint-Priest – Hôtel de Ville,arret_tram_T2
4.940622,45.694491,Esplanade des Arts,arret_tram_T2
4.946832,45.694734,Jules-Ferry,arret_tram_T2
4.94973,45.693662,Cordière,arret_tram_T2
4.95579,45.692661,Saint-Priest – Bel Air,arret_tram_T2
4.861917,45.760128,Gare Part-Dieu – Villette,arret_tram_T3
4.868751,45.752938,Dauphiné – Lacassagne,arret_tram_T3
4.885038,45.754503,Reconnaissance – Balzac,arret_tram_T3
4.872096,45.781522,La Doua – Gaston-Berger,arret_tram_T4
4.866297,45.780873,Université Lyon 1,arret_tram_T4
4.866919,45.77794,Condorcet,arret_tram_T4
4.864049,45.774084,Le Tonkin,arret_tram_T4
4.863397,45.770453,Charpennes – Charles-Hernu,arret_tram_T4
4.86192,45.76666,Collège Bellecombe,arret_tram_T4
4.86203,45.764314,Thiers – Lafayette,arret_tram_T4
4.861917,45.760128,Gare Part-Dieu – Villette,arret_tram_T4
4.861765,45.754308,Archives Départementales,arret_tram_T4
4.860325,45.750107,Manufacture – Montluc,arret_tram_T4
4.85908,45.745802,Lycée Colbert,arret_tram_T4
4.858749,45.739885,Jet d’Eau – Mendès-France,arret_tram_T4
4.861716,45.736929,Lycée Lumière,arret_tram_T4
4.864776,45.732966,États-Unis – Musée Tony Garnier,arret_tram_T4
4.867335,45.729717,Beauvisage – CISL,arret_tram_T4
4.871077,45.724901,États-Unis – Viviani,arret_tram_T4
4.878372,45.715508,Joliot-Curie – Marcel-Sembat,arret_tram_T4
4.881983,45.711231,La Borelle,arret_tram_T4
4.88794,45.705363,Gare de Vénissieux,arret_tram_T4
4.887612,45.700118,Croizat – Paul-Bert,arret_tram_T4
4.884544,45.696489,Marcel-Houël – Hôtel de Ville,arret_tram_T4
4.879925,45.694966,Lycée Jacques Brel,arret_tram_T4
4.875339,45.693866,Herriot – Cagne,arret_tram_T4
4.871905,45.696045,Vénissy,arret_tram_T4
4.868073,45.69852,Division-Leclerc,arret_tram_T4
4.863416,45.699855,Maurice-Thorez,arret_tram_T4
4.861681,45.696794,Lénine – Corsière,arret_tram_T4
4.864331,45.69265,Darnaise,arret_tram_T4
4.865211,45.68848,Hôpital – Feyzin – Vénissieux,arret_tram_T4
4.878842,45.742938,Grange Blanche,arret_tram_T5
4.883927,45.741523,Ambroise-Paré,arret_tram_T5
4.893205,45.738853,Desgenettes,arret_tram_T5
4.89814,45.737228,Essarts – Iris,arret_tram_T5
4.904462,45.734931,Boutasse – Camille-Rousset,arret_tram_T5
4.909062,45.733411,Hôtel de Ville – Bron,arret_tram_T5
4.914727,45.731539,Les Alizés,arret_tram_T5
4.916999,45.735725,De-Tassigny – Curial,arret_tram_T5
4.922213,45.738028,Lycée Jean-Paul Sartre,arret_tram_T5
4.926376,45.73899,Parc du Chêne,arret_tram_T5
4.948059,45.731895,Eurexpo,arret_tram_T5
4.833453,45.731075,Debourg,arret_tram_T6
4.84356,45.729665,Challemel-Lacour – Artillerie,arret_tram_T6
4.853131,45.72953,Moulin à Vent,arret_tram_T6
4.858817,45.731032,Petite Guille,arret_tram_T6
4.862768,45.727738,Beauvisage – Pressensé,arret_tram_T6
4.867335,45.729717,Beauvisage – CISL,arret_tram_T6
4.873442,45.731345,Grange Rouge – Senty,arret_tram_T6
4.878549,45.73309,Mermoz – Californie,arret_tram_T6
4.882168,45.732293,Mermoz – Moselle,arret_tram_T6
4.887355,45.73067,Mermoz – Pinel,arret_tram_T6
4.890014,45.735534,Essarts – Laënnec,arret_tram_T6
4.893205,45.738853,Desgenettes,arret_tram_T6
4.894066,45.742444,Vinatier,arret_tram_T6
4.896812,45.747591,Hôpitaux Est – Pinel,arret_tram_T6
